prince,time_left,time,dif_time,count10secs,count1min,count5min,hour,value,gameplay,isVoucher,y
0.01 87 1353877524 0 41 41 41 21 25 1 1
0.02 83 1353877527 3 41 41 41 21 25 1 1
0.03 19 1353877593 66 39 39 41 21 25 1 1
0.05 18 1353877596 3 39 39 41 21 25 1 1
0.06 20 1353877599 3 39 39 41 21 25 1 1
0.07 14 1353877606 7 37 39 41 21 25 1 1
0.08 13 1353877614 8 36 39 41 21 25 1 1
0.09 15 1353877615 1 36 39 41 21 25 1 1
0.1 15 1353877619 4 35 39 41 21 25 1 1
0.11 13 1353877622 3 35 39 41 21 25 1 1
0.12 15 1353877628 6 33 39 41 21 25 1 1
0.13 15 1353877632 4 31 39 41 21 25 1 1
0.14 15 1353877641 9 30 39 41 21 25 1 1
0.15 15 1353877644 3 29 39 41 21 25 1 1
0.16 14 1353877653 9 28 38 41 21 25 1 1
0.17 14 1353877656 3 27 37 41 21 25 1 1
0.18 15 1353877663 7 26 36 41 21 25 1 1
0.19 14 1353877665 2 26 36 41 21 25 1 1
0.2 15 1353877670 5 25 35 41 21 25 1 1
0.21 14 1353877673 3 24 35 41 21 25 1 1
0.22 15 1353877675 2 23 33 41 21 25 1 1
0.23 15 1353877677 2 23 33 41 21 25 1 1
0.24 14 1353877691 14 19 30 41 21 25 1 1
0.25 15 1353877692 1 19 29 41 21 25 1 1
0.26 13 1353877695 3 19 29 41 21 25 1 1
0.27 14 1353877702 7 17 28 41 21 25 1 1
0.28 14 1353877705 3 16 27 41 21 25 1 1
0.29 15 1353877708 3 16 27 41 21 25 1 1
0.3 13 1353877711 3 16 27 41 21 25 1 1
0.31 14 1353877715 4 14 26 41 21 25 1 1
0.32 15 1353877721 6 12 25 41 21 25 1 1
0.33 14 1353877723 2 12 24 41 21 25 1 1
0.34 15 1353877727 4 11 23 41 21 25 1 1
0.35 14 1353877729 2 11 23 41 21 25 1 1
0.36 15 1353877736 7 9 20 41 21 25 1 1
0.37 15 1353877739 3 7 19 41 21 25 1 1
0.38 14 1353877741 2 7 19 41 21 25 1 1
0.39 14 1353877749 8 5 19 41 21 25 1 1
0.4 15 1353877765 16 3 14 41 21 25 1 1
0.41 15 1353877775 10 2 11 41 21 25 1 1
0.42 13 1353877787 12 1 8 41 21 25 1 1
0.01 174 1354591387 0 12 12 12 3 15 0 1
0.02 157 1354591404 17 11 12 12 3 15 0 1
0.03 20 1354591541 137 10 10 12 3 15 0 1
0.04 15 1354591552 11 9 10 12 3 15 0 1
0.05 14 1354591558 6 9 10 12 3 15 0 1
0.06 14 1354591559 1 9 10 12 3 15 0 1
0.07 15 1354591567 8 8 10 12 3 15 0 1
0.08 14 1354591581 14 5 10 12 3 15 0 1
0.1 14 1354591582 1 5 10 12 3 15 0 1
0.11 13 1354591583 1 5 10 12 3 15 0 1
0.12 14 1354591586 3 5 10 12 3 15 0 1
0.13 14 1354591589 3 5 10 12 3 15 0 1
0.01 57 1353773873 0 1 1 1 16 15 0 1
0.01 31 1353774122 0 7 7 7 16 25 0 1
0.02 19 1353774138 16 6 7 7 16 25 0 1
0.04 19 1353774139 1 6 7 7 16 25 0 1
0.05 19 1353774151 12 4 7 7 16 25 0 1
0.06 19 1353774170 19 3 7 7 16 25 0 1
0.07 18 1353774172 2 3 7 7 16 25 0 1
0.08 13 1353774179 7 3 7 7 16 25 0 1
0.01 99 1354489681 0 5 5 5 23 25 0 1
0.02 60 1354489721 40 4 5 5 23 25 0 1
0.03 19 1354489763 42 3 4 5 23 25 0 1
0.04 20 1354489775 12 2 4 5 23 25 0 1
0.05 20 1354489785 10 1 3 5 23 25 0 1
0.01 142 1354559021 0 48 48 48 18 15 0 1
0.02 20 1354559143 122 47 47 48 18 15 0 1
0.03 20 1354559153 10 46 47 48 18 15 0 1
0.04 16 1354559156 3 46 47 48 18 15 0 1
0.05 13 1354559161 5 46 47 48 18 15 0 1
0.06 14 1354559167 6 44 47 48 18 15 0 1
0.01 44 1354559173 0 5 5 5 18 15 0 1
0.07 15 1354559175 8 43 47 48 18 15 0 1
0.08 14 1354559178 3 42 47 48 18 15 0 1
0.09 14 1354559187 9 41 47 48 18 15 0 1
0.1 15 1354559190 3 40 47 48 18 15 0 1
0.02 20 1354559198 25 4 5 5 18 15 0 1
0.11 14 1354559199 9 39 47 48 18 15 0 1
0.12 14 1354559203 4 38 46 48 18 15 0 1
0.03 19 1354559210 12 3 5 5 18 15 0 1
0.13 14 1354559211 8 37 46 48 18 15 0 1
0.04 18 1354559211 1 3 5 5 18 15 0 1
0.14 15 1354559212 1 37 46 48 18 15 0 1
0.05 14 1354559215 4 3 5 5 18 15 0 1
0.15 14 1354559222 10 34 43 48 18 15 0 1
0.16 14 1354559223 1 34 43 48 18 15 0 1
0.17 15 1354559232 9 33 42 48 18 15 0 1
0.01 64 1354559232 0 53 53 53 18 15 0 1
0.18 13 1354559234 2 32 42 48 18 15 0 1
0.19 14 1354559242 8 31 40 48 18 15 0 1
0.2 13 1354559245 3 30 40 48 18 15 0 1
0.21 15 1354559251 6 30 38 48 18 15 0 1
0.22 13 1354559253 2 29 38 48 18 15 0 1
0.23 15 1354559256 3 28 38 48 18 15 0 1
0.24 14 1354559257 1 28 38 48 18 15 0 1
0.25 14 1354559258 1 28 38 48 18 15 0 1
0.02 34 1354559260 28 52 53 53 18 15 0 1
0.03 31 1354559264 4 52 53 53 18 15 0 1
0.26 14 1354559274 16 23 34 48 18 15 0 1
0.27 14 1354559275 1 23 34 48 18 15 0 1
0.28 15 1354559278 3 23 34 48 18 15 0 1
0.04 15 1354559279 15 50 53 53 18 15 0 1
0.05 14 1354559283 4 50 53 53 18 15 0 1
0.06 14 1354559288 5 50 53 53 18 15 0 1
0.07 14 1354559289 1 49 53 53 18 15 0 1
0.29 13 1354559294 16 20 30 48 18 15 0 1
0.3 11 1354559296 2 20 30 48 18 15 0 1
0.08 14 1354559301 12 46 52 53 18 15 0 1
0.31 9 1354559302 6 20 29 48 18 15 0 1
0.09 15 1354559302 1 46 52 53 18 15 0 1
0.1 13 1354559303 1 46 52 53 18 15 0 1
0.11 13 1354559305 2 46 52 53 18 15 0 1
0.32 9 1354559308 6 18 28 48 18 15 0 1
0.33 10 1354559312 4 17 27 48 18 15 0 1
0.34 9 1354559314 2 17 26 48 18 15 0 1
0.35 8 1354559322 8 15 23 47 18 15 0 1
0.12 13 1354559322 17 42 51 53 18 15 0 1
0.13 11 1354559323 1 42 51 53 18 15 0 1
0.36 9 1354559325 3 14 23 47 18 15 0 1
0.37 10 1354559326 1 14 23 47 18 15 0 1
0.14 15 1354559328 5 42 50 53 18 15 0 1
0.38 10 1354559329 3 14 23 47 18 15 0 1
0.39 9 1354559331 2 14 23 47 18 15 0 1
0.4 8 1354559334 3 13 22 47 18 15 0 1
0.41 9 1354559337 3 11 21 47 18 15 0 1
0.43 8 1354559341 4 9 20 47 18 15 0 1
0.15 15 1354559341 13 39 49 53 18 15 0 1
0.44 8 1354559342 1 9 20 47 18 15 0 1
0.16 13 1354559342 1 39 49 53 18 15 0 1
0.45 8 1354559343 1 9 20 47 18 15 0 1
0.17 14 1354559343 1 39 48 53 18 15 0 1
0.46 10 1354559344 1 8 20 47 18 15 0 1
0.18 15 1354559344 1 39 48 53 18 15 0 1
0.47 9 1354559347 3 7 20 47 18 15 0 1
0.19 14 1354559354 10 35 46 53 18 15 0 1
0.48 9 1354559355 8 3 19 47 18 15 0 1
0.49 9 1354559358 3 2 18 47 18 15 0 1
0.2 14 1354559367 13 34 42 53 18 15 0 1
0.21 14 1354559370 3 34 42 53 18 15 0 1
0.22 15 1354559383 13 32 40 53 18 15 0 1
0.23 14 1354559384 1 32 40 53 18 15 0 1
0.24 14 1354559386 2 32 40 53 18 15 0 1
0.25 14 1354559397 11 29 39 53 18 15 0 1
0.26 14 1354559413 16 28 35 53 18 15 0 1
0.27 13 1354559416 3 28 34 53 18 15 0 1
0.28 13 1354559421 5 28 34 53 18 15 0 1
0.29 15 1354559433 12 25 32 53 18 15 0 1
0.3 9 1354559442 9 25 32 53 18 15 0 1
0.31 9 1354559445 3 24 30 53 18 15 0 1
0.32 8 1354559446 1 24 29 53 18 15 0 1
0.33 9 1354559447 1 24 29 53 18 15 0 1
0.34 10 1354559451 4 24 29 53 18 15 0 1
0.35 10 1354559454 3 23 29 53 18 15 0 1
0.36 9 1354559462 8 19 28 53 18 15 0 1
0.37 10 1354559464 2 18 28 53 18 15 0 1
0.38 9 1354559472 8 17 28 53 18 15 0 1
0.39 9 1354559476 4 16 26 53 18 15 0 1
0.4 9 1354559477 1 16 26 53 18 15 0 1
0.41 10 1354559479 2 16 26 53 18 15 0 1
0.43 9 1354559490 11 12 25 53 18 15 0 1
0.44 9 1354559491 1 12 25 53 18 15 0 1
0.45 8 1354559493 2 12 24 53 18 15 0 1
0.46 9 1354559494 1 12 24 53 18 15 0 1
0.47 9 1354559497 3 12 24 53 18 15 0 1
0.48 9 1354559498 1 12 24 53 18 15 0 1
0.49 9 1354559502 4 10 23 53 18 15 0 1
0.5 9 1354559503 1 9 23 53 18 15 0 1
0.51 8 1354559508 5 6 20 53 18 15 0 1
0.52 10 1354559519 11 3 18 53 18 15 0 1
0.53 9 1354559522 3 3 17 53 18 15 0 1
0.54 9 1354559523 1 3 17 53 18 15 0 1
0.02 2 1354242665 0 1 1 1 2 50 0 1
0.01 32 1354242665 0 23 23 23 2 25 0 1
0.02 76 1354242665 0 15 15 15 2 25 1 1
0.01 119 1354242665 0 31 31 31 2 25 0 1
0.02 20 1354242678 13 22 23 23 2 25 0 1
0.03 19 1354242682 4 22 23 23 2 25 0 1
0.04 20 1354242685 3 22 23 23 2 25 0 1
0.05 20 1354242697 12 19 23 23 2 25 0 1
0.06 18 1354242699 2 19 23 23 2 25 0 1
0.03 27 1354242712 47 14 15 15 2 25 1 1
0.07 13 1354242715 16 17 23 23 2 25 0 1
0.08 13 1354242716 1 17 23 23 2 25 0 1
0.09 15 1354242718 2 17 23 23 2 25 0 1
0.04 21 1354242720 8 14 15 15 2 25 1 1
0.05 20 1354242723 3 13 15 15 2 25 1 1
0.06 19 1354242726 3 13 14 15 2 25 1 1
0.1 14 1354242729 11 14 22 23 2 25 0 1
0.11 14 1354242732 3 14 22 23 2 25 0 1
0.07 14 1354242738 12 10 14 15 2 25 1 1
0.08 14 1354242739 1 10 14 15 2 25 1 1
0.02 46 1354242739 74 30 30 31 2 25 0 1
0.12 13 1354242743 11 12 20 23 2 25 0 1
0.09 14 1354242748 9 9 14 15 2 25 1 1
0.13 14 1354242749 6 12 19 23 2 25 0 1
0.1 15 1354242749 1 8 14 15 2 25 1 1
0.11 15 1354242758 9 7 14 15 2 25 1 1
0.14 14 1354242759 10 10 17 23 2 25 0 1
0.15 14 1354242761 2 10 17 23 2 25 0 1
0.16 14 1354242762 1 10 17 23 2 25 0 1
0.12 15 1354242765 7 6 14 15 2 25 1 1
0.13 14 1354242773 8 5 13 15 2 25 1 1
0.17 14 1354242776 14 7 15 23 2 25 0 1
0.14 14 1354242776 3 4 13 15 2 25 1 1
0.03 19 1354242780 41 29 30 31 2 25 0 1
0.04 20 1354242786 6 29 30 31 2 25 0 1
0.18 16 1354242788 12 6 14 23 2 25 0 1
0.15 15 1354242790 14 2 10 15 2 25 1 1
0.05 20 1354242795 9 28 30 31 2 25 0 1
0.19 14 1354242798 10 5 12 23 2 25 0 1
0.16 14 1354242800 10 1 8 15 2 25 1 1
0.06 19 1354242804 9 27 29 31 2 25 0 1
0.2 14 1354242813 15 4 10 23 2 25 0 1
0.07 16 1354242814 10 25 29 31 2 25 0 1
0.21 14 1354242820 7 4 9 23 2 25 0 1
0.22 15 1354242821 1 4 8 23 2 25 0 1
0.23 15 1354242824 3 3 7 23 2 25 0 1
0.08 14 1354242825 11 24 29 31 2 25 0 1
0.09 15 1354242837 12 23 29 31 2 25 0 1
0.1 13 1354242839 2 23 29 31 2 25 0 1
0.11 14 1354242846 7 23 27 31 2 25 0 1
0.12 14 1354242847 1 22 27 31 2 25 0 1
0.13 11 1354242857 10 19 26 31 2 25 0 1
0.14 14 1354242864 7 19 25 31 2 25 0 1
0.15 14 1354242869 5 18 25 31 2 25 0 1
0.16 12 1354242870 1 18 25 31 2 25 0 1
0.17 15 1354242875 5 17 24 31 2 25 0 1
0.18 14 1354242891 16 14 23 31 2 25 0 1
0.19 13 1354242893 2 14 23 31 2 25 0 1
0.2 13 1354242902 9 13 21 31 2 25 0 1
0.21 15 1354242911 9 12 19 31 2 25 0 1
0.22 14 1354242916 5 11 19 31 2 25 0 1
0.23 14 1354242927 11 9 17 31 2 25 0 1
0.24 13 1354242935 8 9 14 31 2 25 0 1
0.25 15 1354242937 2 8 14 31 2 25 0 1
0.26 15 1354242950 13 6 14 31 2 25 0 1
0.27 14 1354242954 4 6 12 31 2 25 0 1
0.28 14 1354242967 13 4 11 30 2 25 0 1
0.29 15 1354242970 3 4 11 30 2 25 0 1
0.31 15 1354242987 17 2 8 30 2 25 0 1
0.32 14 1354242996 9 2 7 30 2 25 0 1
0.01 174 1354120552 0 12 12 12 16 15 0 1
0.01 94 1354120656 0 9 9 9 16 15 0 1
0.02 57 1354120667 115 11 11 12 16 15 0 1
0.03 19 1354120713 46 10 11 12 16 15 0 1
0.05 14 1354120721 8 10 11 12 16 15 0 1
0.06 15 1354120723 2 9 11 12 16 15 0 1
0.02 20 1354120729 73 8 8 9 16 15 0 1
0.07 16 1354120735 12 7 10 12 16 15 0 1
0.08 15 1354120738 3 7 10 12 16 15 0 1
0.03 21 1354120740 11 7 8 9 16 15 0 1
0.09 15 1354120742 4 7 10 12 16 15 0 1
0.04 15 1354120746 6 7 8 9 16 15 0 1
0.1 16 1354120747 5 6 10 12 16 15 0 1
0.11 14 1354120750 3 5 10 12 16 15 0 1
0.12 14 1354120751 1 5 10 12 16 15 0 1
0.13 14 1354120754 3 4 10 12 16 15 0 1
0.05 16 1354120761 15 5 8 9 16 15 0 1
0.06 14 1354120768 7 5 8 9 16 15 0 1
0.07 15 1354120779 11 3 8 9 16 15 0 1
0.08 13 1354120783 4 3 8 9 16 15 0 1
0.09 15 1354120793 10 1 7 9 16 15 0 1
0.01 44 1354120819 0 13 13 13 16 15 0 1
0.02 37 1354120826 7 13 13 13 16 15 0 1
0.03 20 1354120860 34 11 13 13 16 15 0 1
0.04 18 1354120861 1 11 13 13 16 15 0 1
0.05 15 1354120866 5 11 13 13 16 15 0 1
0.06 14 1354120882 16 8 12 13 16 15 0 1
0.07 13 1354120883 1 8 12 13 16 15 0 1
0.08 13 1354120886 3 8 11 13 16 15 0 1
0.09 15 1354120900 14 5 11 13 16 15 0 1
0.1 14 1354120902 2 5 11 13 16 15 0 1
0.11 15 1354120916 14 3 11 13 16 15 0 1
0.12 16 1354120918 2 3 11 13 16 15 0 1
0.13 15 1354120922 4 3 9 13 16 15 0 1
0.01 174 1353842198 0 6 6 6 11 50 0 1
0.02 19 1353842374 176 5 5 6 11 50 0 1
0.03 19 1353842376 2 5 5 6 11 50 0 1
0.04 19 1353842396 20 3 5 6 11 50 0 1
0.05 19 1353842417 21 2 5 6 11 50 0 1
0.06 19 1353842438 21 1 3 6 11 50 0 1
0.01 144 1354061966 0 24 24 24 0 25 0 1
0.01 93 1354061978 0 5 5 5 0 15 0 1
0.01 114 1354061979 0 16 16 16 0 25 0 1
0.02 62 1354062031 52 15 16 16 0 25 0 1
0.02 39 1354062033 55 4 5 5 0 15 0 1
0.02 62 1354062048 82 23 23 24 0 25 0 1
0.03 20 1354062053 20 3 4 5 0 15 0 1
0.04 15 1354062058 5 3 4 5 0 15 0 1
0.05 14 1354062061 3 3 4 5 0 15 0 1
0.03 19 1354062085 54 14 15 16 0 25 0 1
0.04 19 1354062087 2 14 15 16 0 25 0 1
0.03 19 1354062099 51 22 23 24 0 25 0 1
0.06 19 1354062100 13 12 14 16 0 25 0 1
0.07 19 1354062102 2 12 14 16 0 25 0 1
0.08 13 1354062109 7 12 14 16 0 25 0 1
0.09 13 1354062111 2 11 14 16 0 25 0 1
0.04 19 1354062111 12 21 22 24 0 25 0 1
0.05 20 1354062113 2 21 22 24 0 25 0 1
0.06 20 1354062117 4 21 22 24 0 25 0 1
0.07 16 1354062119 2 21 22 24 0 25 0 1
0.1 15 1354062124 13 8 14 16 0 25 0 1
0.08 15 1354062124 5 19 22 24 0 25 0 1
0.11 14 1354062125 1 8 14 16 0 25 0 1
0.12 14 1354062126 1 8 14 16 0 25 0 1
0.09 14 1354062127 3 18 22 24 0 25 0 1
0.13 14 1354062129 3 8 14 16 0 25 0 1
0.1 15 1354062136 9 16 22 24 0 25 0 1
0.11 15 1354062139 3 15 22 24 0 25 0 1
0.14 14 1354062142 13 4 14 16 0 25 0 1
0.12 14 1354062143 4 15 22 24 0 25 0 1
0.15 15 1354062149 7 4 12 16 0 25 0 1
0.13 14 1354062154 11 12 22 24 0 25 0 1
0.14 14 1354062156 2 12 22 24 0 25 0 1
0.16 13 1354062159 10 2 12 16 0 25 0 1
0.15 16 1354062161 5 12 21 24 0 25 0 1
0.17 14 1354062163 4 2 10 16 0 25 0 1
0.16 14 1354062170 9 10 21 24 0 25 0 1
0.17 14 1354062174 4 9 19 24 0 25 0 1
0.18 14 1354062182 8 8 17 24 0 25 0 1
0.19 14 1354062184 2 7 16 24 0 25 0 1
0.2 16 1354062186 2 7 16 24 0 25 0 1
0.21 15 1354062190 4 7 15 24 0 25 0 1
0.22 14 1354062195 5 5 15 24 0 25 0 1
0.23 14 1354062211 16 2 12 24 0 25 0 1
0.24 12 1354062223 12 1 9 24 0 25 0 1
0.01 38 1354060763 0 11 11 11 23 25 0 1
0.02 28 1354060771 8 11 11 11 23 25 0 1
0.01 85 1354060776 0 1 1 1 23 15 0 1
0.03 20 1354060789 18 9 11 11 23 25 0 1
0.04 19 1354060798 9 9 11 11 23 25 0 1
0.05 18 1354060817 19 7 11 11 0 25 0 1
0.06 20 1354060820 3 7 11 11 0 25 0 1
0.07 13 1354060827 7 6 10 11 0 25 0 1
0.08 14 1354060829 2 6 10 11 0 25 0 1
0.09 14 1354060844 15 3 9 11 0 25 0 1
0.1 15 1354060846 2 3 9 11 0 25 0 1
0.11 16 1354060849 3 3 8 11 0 25 0 1
0.01 37 1354321533 0 24 24 24 0 25 0 1
0.02 30 1354321541 8 24 24 24 0 25 0 1
0.01 130 1354321546 0 34 34 34 0 15 0 1
0.01 89 1354321554 0 21 21 21 0 50 0 1
0.03 19 1354321561 20 22 24 24 0 25 0 1
0.04 20 1354321577 16 21 24 24 0 25 0 1
0.05 19 1354321580 3 21 24 24 0 25 0 1
0.06 19 1354321595 15 19 23 24 0 25 0 1
0.08 13 1354321602 7 19 22 24 0 25 0 1
0.09 14 1354321609 7 18 22 24 0 25 0 1
0.1 13 1354321612 3 17 22 24 0 25 0 1
0.11 14 1354321620 8 16 22 24 0 25 0 1
0.12 14 1354321622 2 15 21 24 0 25 0 1
0.13 14 1354321627 5 15 21 24 0 25 0 1
0.02 20 1354321634 80 20 20 21 0 50 0 1
0.14 15 1354321637 10 12 20 24 0 25 0 1
0.03 19 1354321638 4 20 20 21 0 50 0 1
0.15 13 1354321650 13 11 19 24 0 25 0 1
0.16 14 1354321651 1 11 19 24 0 25 0 1
0.04 20 1354321658 20 18 20 21 0 50 0 1
0.06 19 1354321659 1 18 20 21 0 50 0 1
0.17 13 1354321660 9 10 18 24 0 25 0 1
0.18 14 1354321662 2 9 17 24 0 25 0 1
0.07 19 1354321662 3 18 20 21 0 50 0 1
0.02 20 1354321663 117 33 33 34 0 15 0 1
0.03 19 1354321664 1 33 33 34 0 15 0 1
0.19 15 1354321668 6 9 17 24 0 25 0 1
0.08 20 1354321669 7 16 20 21 0 50 0 1
0.09 20 1354321671 2 16 20 21 0 50 0 1
0.1 18 1354321672 1 15 20 21 0 50 0 1
0.11 18 1354321676 4 15 20 21 0 50 0 1
0.04 15 1354321682 18 31 33 34 0 15 0 1
0.2 14 1354321683 15 6 13 24 0 25 0 1
0.05 14 1354321683 1 31 33 34 0 15 0 1
0.21 14 1354321684 1 6 13 24 0 25 0 1
0.22 14 1354321687 3 6 12 24 0 25 0 1
0.06 14 1354321688 5 31 33 34 0 15 0 1
0.07 14 1354321689 1 31 33 34 0 15 0 1
0.12 19 1354321690 14 11 20 21 0 50 0 1
0.23 15 1354321694 7 4 12 24 0 25 0 1
0.13 19 1354321694 4 11 19 21 0 50 0 1
0.08 15 1354321698 9 28 33 34 0 15 0 1
0.14 19 1354321699 5 11 18 21 0 50 0 1
0.09 13 1354321699 1 27 33 34 0 15 0 1
0.15 17 1354321702 3 10 18 21 0 50 0 1
0.16 17 1354321703 1 10 18 21 0 50 0 1
0.24 13 1354321704 10 2 11 24 0 25 0 1
0.17 14 1354321705 2 9 18 21 0 50 0 1
0.18 15 1354321706 1 9 18 21 0 50 0 1
0.1 15 1354321706 7 27 33 34 0 15 0 1
0.11 14 1354321708 2 26 33 34 0 15 0 1
0.19 13 1354321709 3 8 18 21 0 50 0 1
0.12 16 1354321709 1 25 33 34 0 15 0 1
0.25 14 1354321711 7 2 9 24 0 25 0 1
0.13 14 1354321711 2 25 33 34 0 15 0 1
0.14 14 1354321716 5 24 33 34 0 15 0 1
0.15 13 1354321717 1 24 33 34 0 15 0 1
0.2 14 1354321723 14 3 15 21 0 50 0 1
0.21 14 1354321724 1 3 15 21 0 50 0 1
0.22 14 1354321726 2 3 15 21 0 50 0 1
0.16 14 1354321726 9 20 31 34 0 15 0 1
0.17 13 1354321727 1 19 31 34 0 15 0 1
0.18 15 1354321732 5 19 31 34 0 15 0 1
0.19 14 1354321733 1 19 31 34 0 15 0 1
0.2 14 1354321742 9 16 30 34 0 15 0 1
0.21 13 1354321744 2 15 29 34 0 15 0 1
0.22 14 1354321747 3 15 29 34 0 15 0 1
0.23 14 1354321748 1 15 28 34 0 15 0 1
0.24 15 1354321754 6 13 27 34 0 15 0 1
0.25 14 1354321756 2 13 27 34 0 15 0 1
0.26 15 1354321764 8 10 25 34 0 15 0 1
0.27 14 1354321765 1 10 25 34 0 15 0 1
0.29 13 1354321781 16 7 19 34 0 15 0 1
0.3 11 1354321782 1 7 19 34 0 15 0 1
0.31 11 1354321784 2 7 19 34 0 15 0 1
0.32 8 1354321796 12 4 15 34 0 15 0 1
0.33 8 1354321797 1 4 15 34 0 15 0 1
0.34 10 1354321800 3 4 15 34 0 15 0 1
0.35 10 1354321803 3 4 14 34 0 15 0 1
0.01 71 1354303369 0 5 5 5 19 25 0 1
0.02 18 1354303441 72 4 4 5 19 25 0 1
0.03 19 1354303461 20 3 4 5 19 25 0 1
0.04 20 1354303468 7 3 4 5 19 25 0 1
0.06 19 1354303490 22 1 4 5 19 25 0 1
0.01 17 1353960069 0 8 8 8 20 25 0 1
0.02 19 1353960076 7 8 8 8 20 25 0 1
0.03 20 1353960096 20 6 8 8 20 25 0 1
0.04 20 1353960097 1 6 8 8 20 25 0 1
0.05 19 1353960098 1 6 8 8 20 25 0 1
0.06 20 1353960116 18 3 8 8 20 25 0 1
0.07 18 1353960117 1 3 8 8 20 25 0 1
0.09 13 1353960136 19 1 6 8 20 25 0 1
0.01 14 1353913939 0 10 10 10 7 15 0 1
0.02 20 1353913944 5 10 10 10 7 15 0 1
0.03 20 1353913956 12 8 10 10 7 15 0 1
0.04 14 1353913972 16 7 10 10 7 15 0 1
0.05 14 1353913984 12 6 10 10 7 15 0 1
0.06 14 1353913986 2 6 10 10 7 15 0 1
0.07 15 1353913989 3 6 10 10 7 15 0 1
0.08 15 1353913992 3 6 10 10 7 15 0 1
0.09 14 1353913993 1 6 10 10 7 15 0 1
0.1 14 1353913994 1 5 10 10 7 15 0 1
0.01 164 1353839320 0 19 19 19 10 15 0 1
0.02 81 1353839405 85 18 18 19 10 15 0 1
0.03 51 1353839434 29 17 18 19 10 15 0 1
0.04 27 1353839457 23 16 18 19 10 15 0 1
0.05 14 1353839482 25 15 17 19 10 15 0 1
0.06 13 1353839487 5 15 17 19 10 15 0 1
0.07 14 1353839491 4 15 17 19 10 15 0 1
0.08 14 1353839495 4 14 16 19 10 15 0 1
0.09 14 1353839501 6 12 16 19 10 15 0 1
0.1 15 1353839503 2 12 16 19 10 15 0 1
0.11 15 1353839515 12 9 16 19 10 15 0 1
0.12 14 1353839517 2 9 15 19 10 15 0 1
0.13 14 1353839528 11 7 15 19 10 15 0 1
0.14 14 1353839530 2 7 15 19 10 15 0 1
0.15 15 1353839543 13 5 14 19 10 15 0 1
0.16 15 1353839544 1 5 14 19 10 15 0 1
0.18 14 1353839546 2 5 14 19 10 15 0 1
0.19 14 1353839553 7 4 12 19 10 15 0 1
0.2 14 1353839554 1 3 12 19 10 15 0 1
0.01 54 1353840161 0 14 14 14 10 25 0 1
0.02 19 1353840203 42 13 14 14 10 25 0 1
0.03 20 1353840211 8 13 14 14 10 25 0 1
0.04 18 1353840212 1 13 14 14 10 25 0 1
0.05 19 1353840213 1 12 14 14 10 25 0 1
0.06 20 1353840220 7 12 14 14 10 25 0 1
0.07 15 1353840224 4 9 13 14 10 25 0 1
0.08 14 1353840226 2 9 13 14 10 25 0 1
0.09 14 1353840237 11 6 13 14 10 25 0 1
0.11 14 1353840240 3 6 13 14 10 25 0 1
0.12 14 1353840248 8 5 13 14 10 25 0 1
0.13 14 1353840251 3 4 13 14 10 25 0 1
0.14 14 1353840254 3 4 13 14 10 25 0 1
0.15 13 1353840265 11 1 12 14 10 25 0 1
0.01 60 1353908826 0 14 14 14 5 15 0 1
0.01 100 1353908826 0 3 3 3 5 25 0 1
0.02 43 1353908884 58 2 3 3 5 25 0 1
0.02 20 1353908886 60 13 13 14 5 15 0 1
0.03 19 1353908888 2 13 13 14 5 15 0 1
0.05 14 1353908907 19 11 13 14 5 15 0 1
0.06 15 1353908909 2 11 13 14 5 15 0 1
0.07 14 1353908923 14 9 13 14 5 15 0 1
0.08 14 1353908924 1 9 13 14 5 15 0 1
0.03 20 1353908929 45 1 2 3 5 25 0 1
0.09 14 1353908932 8 9 13 14 5 15 0 1
0.1 13 1353908947 15 6 12 14 5 15 0 1
0.11 14 1353908948 1 6 11 14 5 15 0 1
0.12 13 1353908949 1 6 11 14 5 15 0 1
0.13 15 1353908950 1 6 11 14 5 15 0 1
0.14 14 1353908964 14 2 11 14 5 15 0 1
0.15 14 1353908966 2 2 11 14 5 15 0 1
0.01 113 1354487876 0 5 5 5 22 50 0 1
0.01 128 1354487926 0 9 9 9 22 50 0 1
0.02 36 1354487954 78 4 4 5 22 50 0 1
0.02 86 1354487968 42 8 9 9 22 50 0 1
0.03 18 1354487979 25 3 4 5 22 50 0 1
0.04 18 1354487981 2 3 4 5 22 50 0 1
0.01 160 1354487985 0 5 5 5 22 25 0 1
0.05 20 1354487995 14 1 4 5 22 50 0 1
0.03 39 1354488015 47 7 8 9 22 50 0 1
0.04 20 1354488036 21 6 7 9 22 50 0 1
0.05 19 1354488044 8 6 7 9 22 50 0 1
0.06 19 1354488046 2 5 7 9 22 50 0 1
0.07 21 1354488052 6 5 7 9 22 50 0 1
0.08 20 1354488071 19 2 7 9 22 50 0 1
0.09 20 1354488081 10 1 6 9 22 50 0 1
0.02 19 1354488134 149 4 4 5 22 25 0 1
0.03 20 1354488150 16 3 4 5 22 25 0 1
0.04 19 1354488166 16 2 4 5 22 25 0 1
0.05 19 1354488173 7 2 4 5 22 25 0 1
0.01 43 1353954662 0 4 4 4 18 15 0 1
0.02 20 1353954691 29 3 4 4 18 15 0 1
0.03 20 1353954707 16 2 4 4 18 15 0 1
0.04 15 1353954717 10 1 4 4 18 15 0 1
0.01 18 1353954843 0 2 2 2 18 15 0 1
0.01 59 1353954845 0 10 10 10 18 15 0 1
0.02 20 1353954855 12 1 2 2 18 15 0 1
0.02 20 1353954888 43 9 10 10 18 15 0 1
0.03 19 1353954896 8 9 10 10 18 15 0 1
0.04 14 1353954915 19 7 9 10 18 15 0 1
0.05 15 1353954926 11 6 9 10 18 15 0 1
0.06 15 1353954932 6 6 9 10 18 15 0 1
0.07 14 1353954933 1 6 9 10 18 15 0 1
0.08 15 1353954937 4 5 9 10 18 15 0 1
0.09 14 1353954951 14 2 8 10 18 15 0 1
0.1 15 1353954955 4 2 8 10 18 15 0 1
0.02 63 1354053846 0 4 4 4 22 15 0 1
0.03 62 1354053848 2 4 4 4 22 15 0 1
0.04 59 1354053850 2 4 4 4 22 15 0 1
0.01 172 1354053855 0 9 9 9 22 15 0 1
0.02 171 1354053856 1 9 9 9 22 15 0 1
0.05 16 1354053893 43 1 4 4 22 15 0 1
0.01 100 1354053946 0 3 3 3 22 50 0 1
0.03 77 1354053951 95 7 7 9 22 15 0 1
0.04 71 1354053955 4 7 7 9 22 15 0 1
0.02 49 1354053995 49 2 3 3 22 50 0 1
0.03 48 1354053997 2 2 3 3 22 50 0 1
0.05 14 1354054014 59 5 6 9 22 15 0 1
0.06 15 1354054029 15 4 5 9 22 15 0 1
0.08 15 1354054030 1 4 5 9 22 15 0 1
0.09 14 1354054043 13 2 5 9 22 15 0 1
0.1 13 1354054044 1 2 5 9 22 15 0 1
0.01 46 1354544853 0 8 8 8 14 15 0 1
0.02 18 1354544899 46 7 8 8 14 15 0 1
0.03 19 1354544900 1 7 8 8 14 15 0 1
0.04 15 1354544908 8 7 8 8 14 15 0 1
0.05 14 1354544923 15 4 7 8 14 15 0 1
0.01 86 1354544930 0 12 12 12 14 25 0 1
0.06 16 1354544932 9 4 7 8 14 15 0 1
0.07 14 1354544948 16 2 7 8 14 15 0 1
0.08 14 1354544950 2 2 7 8 14 15 0 1
0.02 18 1354545002 72 11 11 12 14 25 0 1
0.03 20 1354545019 17 10 11 12 14 25 0 1
0.04 19 1354545039 20 9 11 12 14 25 0 1
0.05 18 1354545040 1 9 11 12 14 25 0 1
0.06 20 1354545057 17 7 11 12 14 25 0 1
0.07 19 1354545059 2 7 11 12 14 25 0 1
0.08 14 1354545068 9 6 10 12 14 25 0 1
0.1 14 1354545084 16 4 9 12 14 25 0 1
0.11 15 1354545090 6 4 9 12 14 25 0 1
0.12 16 1354545100 10 2 7 12 14 25 0 1
0.13 14 1354545109 9 2 7 12 14 25 0 1
0.01 36 1353786662 0 7 7 7 19 25 0 1
0.02 30 1353786667 5 7 7 7 19 25 0 1
0.03 20 1353786698 31 5 7 7 19 25 0 1
0.05 20 1353786699 1 5 7 7 19 25 0 1
0.06 20 1353786719 20 3 7 7 19 25 0 1
0.07 18 1353786720 1 3 7 7 19 25 0 1
0.08 13 1353786727 7 3 5 7 19 25 0 1
0.01 174 1354598579 0 8 8 8 5 50 0 1
0.02 143 1354598609 30 7 8 8 5 50 0 1
0.01 97 1354598705 0 12 12 12 5 50 0 1
0.03 20 1354598733 124 6 6 8 5 50 0 1
0.04 19 1354598741 8 6 6 8 5 50 0 1
0.01 63 1354598749 0 16 16 16 5 15 0 1
0.05 19 1354598754 13 4 6 8 5 50 0 1
0.02 39 1354598762 57 11 12 12 5 50 0 1
0.06 18 1354598764 10 3 6 8 5 50 0 1
0.07 18 1354598766 2 3 6 8 5 50 0 1
0.03 33 1354598770 8 11 11 12 5 50 0 1
0.04 29 1354598773 3 10 11 12 5 50 0 1
0.08 19 1354598779 13 1 6 8 5 50 0 1
0.02 20 1354598792 43 15 16 16 5 15 0 1
0.05 20 1354598802 29 8 11 12 5 50 0 1
0.06 18 1354598807 5 8 11 12 5 50 0 1
0.03 20 1354598808 16 14 16 16 5 15 0 1
0.07 18 1354598809 2 8 11 12 5 50 0 1
0.08 20 1354598813 4 7 11 12 5 50 0 1
0.09 18 1354598816 3 7 11 12 5 50 0 1
0.04 15 1354598821 13 13 15 16 5 15 0 1
0.1 20 1354598835 19 3 8 12 5 50 0 1
0.05 13 1354598835 14 12 15 16 5 15 0 1
0.11 20 1354598836 1 3 8 12 5 50 0 1
0.06 13 1354598836 1 12 15 16 5 15 0 1
0.07 14 1354598841 5 12 15 16 5 15 0 1
0.08 15 1354598845 4 11 15 16 5 15 0 1
0.12 20 1354598858 22 1 8 12 5 50 0 1
0.09 14 1354598858 13 8 14 16 5 15 0 1
0.1 16 1354598871 13 7 13 16 5 15 0 1
0.11 14 1354598886 15 6 12 16 5 15 0 1
0.12 15 1354598887 1 6 12 16 5 15 0 1
0.13 14 1354598903 16 4 9 16 5 15 0 1
0.14 15 1354598904 1 4 9 16 5 15 0 1
0.15 14 1354598908 4 4 8 16 5 15 0 1
0.16 14 1354598921 13 1 7 16 5 15 0 1
0.01 113 1353823661 0 3 3 3 6 25 0 1
0.02 19 1353823763 102 2 2 3 6 25 0 1
0.03 19 1353823765 2 2 2 3 6 25 0 1
0.01 20 1354220811 0 8 8 8 20 25 0 1
0.02 18 1354220825 14 7 8 8 20 25 0 1
0.03 20 1354220844 19 6 8 8 20 25 0 1
0.04 19 1354220845 1 6 8 8 20 25 0 1
0.05 19 1354220862 17 4 8 8 20 25 0 1
0.06 19 1354220884 22 3 7 8 20 25 0 1
0.07 14 1354220894 10 2 6 8 20 25 0 1
0.08 14 1354220901 7 2 6 8 20 25 0 1
0.01 12 1354056252 0 9 9 9 22 15 1 1
0.02 20 1354056263 11 8 9 9 22 15 1 1
0.03 19 1354056268 5 8 9 9 22 15 1 1
0.04 15 1354056288 20 6 9 9 22 15 1 1
0.05 14 1354056304 16 5 9 9 22 15 1 1
0.06 14 1354056305 1 5 9 9 22 15 1 1
0.07 14 1354056308 3 5 9 9 22 15 1 1
0.08 16 1354056311 3 5 9 9 22 15 1 1
0.09 14 1354056314 3 4 8 9 22 15 1 1
0.01 32 1353907362 0 9 9 9 5 25 0 1
0.02 20 1353907380 18 8 9 9 5 25 0 1
0.03 20 1353907392 12 7 9 9 5 25 0 1
0.04 19 1353907398 6 7 9 9 5 25 0 1
0.06 18 1353907412 14 5 9 9 5 25 0 1
0.07 15 1353907429 17 4 8 9 5 25 0 1
0.08 16 1353907430 1 4 8 9 5 25 0 1
0.09 14 1353907434 4 4 8 9 5 25 0 1
0.1 15 1353907442 8 2 7 9 5 25 0 1
0.01 173 1354149718 0 5 5 5 0 25 0 1
0.02 20 1354149881 163 4 4 5 0 25 0 1
0.03 19 1354149901 20 3 4 5 0 25 0 1
0.04 17 1354149902 1 3 4 5 0 25 0 1
0.05 20 1354149917 15 1 4 5 0 25 0 1
0.01 167 1354139786 0 5 5 5 21 15 0 1
0.02 143 1354139810 24 4 5 5 21 15 0 1
0.03 113 1354139840 30 3 5 5 21 15 0 1
0.04 41 1354139912 72 2 2 5 21 15 0 1
0.05 40 1354139913 1 2 2 5 21 15 0 1
0.01 19 1354140023 0 39 39 39 22 15 0 1
0.02 18 1354140040 17 38 39 39 22 15 0 1
0.03 20 1354140042 2 38 39 39 22 15 0 1
0.04 13 1354140048 6 38 39 39 22 15 0 1
0.05 13 1354140055 7 36 39 39 22 15 0 1
0.06 14 1354140068 13 34 39 39 22 15 0 1
0.07 15 1354140070 2 34 39 39 22 15 0 1
0.08 16 1354140076 6 34 39 39 22 15 0 1
0.09 14 1354140081 5 32 39 39 22 15 0 1
0.1 14 1354140090 9 31 38 39 22 15 0 1
0.11 14 1354140095 5 30 38 39 22 15 0 1
0.12 15 1354140108 13 28 35 39 22 15 0 1
0.13 15 1354140112 4 28 35 39 22 15 0 1
0.14 13 1354140113 1 28 35 39 22 15 0 1
0.15 13 1354140114 1 28 35 39 22 15 0 1
0.16 13 1354140121 7 27 34 39 22 15 0 1
0.17 14 1354140122 1 26 34 39 22 15 0 1
0.18 12 1354140134 12 22 32 39 22 15 0 1
0.19 14 1354140135 1 22 32 39 22 15 0 1
0.2 14 1354140151 16 20 29 39 22 15 0 1
0.21 15 1354140152 1 20 29 39 22 15 0 1
0.22 14 1354140159 7 20 28 39 22 15 0 1
0.23 14 1354140165 6 18 28 39 22 15 0 1
0.24 14 1354140178 13 16 24 39 22 15 0 1
0.25 14 1354140191 13 15 22 39 22 15 0 1
0.26 16 1354140199 8 15 20 39 22 15 0 1
0.27 14 1354140210 11 13 20 39 22 15 0 1
0.28 15 1354140222 12 12 17 39 22 15 0 1
0.29 14 1354140239 17 11 15 39 22 15 0 1
0.3 9 1354140247 8 11 15 39 22 15 0 1
0.31 10 1354140254 7 10 14 39 22 15 0 1
0.32 9 1354140263 9 9 13 39 22 15 0 1
0.33 9 1354140264 1 8 13 39 22 15 0 1
0.34 9 1354140270 6 8 12 39 22 15 0 1
0.35 11 1354140280 10 5 12 39 22 15 0 1
0.36 9 1354140291 11 4 11 39 22 15 0 1
0.37 9 1354140301 10 3 10 39 22 15 0 1
0.38 8 1354140302 1 3 10 39 22 15 0 1
0.39 8 1354140311 9 2 9 39 22 15 0 1
0.01 83 1354246906 0 14 14 14 3 25 0 1
0.02 41 1354246947 41 13 14 14 3 25 0 1
0.03 18 1354246978 31 12 13 14 3 25 0 1
0.04 20 1354246980 2 12 13 14 3 25 0 1
0.05 19 1354246983 3 12 13 14 3 25 0 1
0.06 19 1354246988 5 11 13 14 3 25 0 1
0.07 18 1354246989 1 11 13 14 3 25 0 1
0.08 15 1354247004 15 7 13 14 3 25 0 1
0.09 14 1354247015 11 6 12 14 3 25 0 1
0.11 13 1354247029 14 5 12 14 3 25 0 1
0.12 14 1354247045 16 4 9 14 3 25 0 1
0.13 12 1354247046 1 4 9 14 3 25 0 1
0.14 15 1354247059 13 2 7 14 3 25 0 1
0.15 13 1354247060 1 2 7 14 3 25 0 1
0.01 126 1354181141 0 18 18 18 9 25 0 1
0.01 79 1354181212 0 6 6 6 9 50 0 1
0.02 28 1354181239 98 17 17 18 9 25 0 1
0.03 24 1354181244 5 17 17 18 9 25 0 1
0.04 20 1354181257 13 15 17 18 9 25 0 1
0.02 30 1354181260 48 5 6 6 9 50 0 1
0.05 18 1354181261 4 15 17 18 9 25 0 1
0.06 18 1354181269 8 14 17 18 9 25 0 1
0.08 15 1354181279 10 12 17 18 9 25 0 1
0.09 14 1354181280 1 12 17 18 9 25 0 1
0.1 14 1354181284 4 12 17 18 9 25 0 1
0.11 14 1354181286 2 12 17 18 9 25 0 1
0.12 14 1354181289 3 11 17 18 9 25 0 1
0.13 14 1354181291 2 10 17 18 9 25 0 1
0.03 18 1354181293 33 4 5 6 9 50 0 1
0.04 20 1354181296 3 4 5 6 9 50 0 1
0.14 14 1354181299 8 7 16 18 9 25 0 1
0.15 15 1354181300 1 7 16 18 9 25 0 1
0.05 20 1354181303 7 3 5 6 9 50 0 1
0.06 20 1354181312 9 2 5 6 9 50 0 1
0.16 14 1354181313 13 4 15 18 9 25 0 1
0.17 14 1354181315 2 4 15 18 9 25 0 1
0.18 13 1354181320 5 4 14 18 9 25 0 1
0.19 14 1354181322 2 4 13 18 9 25 0 1
0.01 154 1353767345 0 3 3 3 14 25 0 1
0.02 112 1353767389 44 2 3 3 14 25 0 1
0.03 79 1353767421 32 1 2 3 14 25 0 1
0.01 175 1353767426 0 15 15 15 14 15 0 1
0.01 174 1353767495 0 5 5 5 14 15 0 1
0.02 19 1353767589 163 14 14 15 14 15 0 1
0.03 20 1353767600 11 13 14 15 14 15 0 1
0.04 13 1353767622 22 12 14 15 14 15 0 1
0.05 14 1353767623 1 12 14 15 14 15 0 1
0.06 15 1353767636 13 10 14 15 14 15 0 1
0.07 13 1353767639 3 10 14 15 14 15 0 1
0.08 14 1353767649 10 8 13 15 14 15 0 1
0.09 14 1353767651 2 8 13 15 14 15 0 1
0.02 20 1353767656 161 4 4 5 14 15 0 1
0.1 14 1353767658 7 8 13 15 14 15 0 1
0.11 15 1353767671 13 5 12 15 14 15 0 1
0.13 13 1353767674 3 5 12 15 14 15 0 1
0.03 21 1353767675 19 3 4 5 14 15 0 1
0.04 18 1353767677 2 3 4 5 14 15 0 1
0.14 14 1353767681 7 4 12 15 14 15 0 1
0.15 15 1353767693 12 2 10 15 14 15 0 1
0.05 14 1353767693 16 1 4 5 14 15 0 1
0.16 14 1353767701 8 2 8 15 14 15 0 1
0.01 175 1353745794 0 3 3 3 8 15 0 1
0.02 77 1353745893 99 2 2 3 8 15 0 1
0.03 64 1353745906 13 1 2 3 8 15 0 1
0.01 162 1353743203 0 11 11 11 7 15 0 1
0.01 159 1353743333 0 15 15 15 7 15 0 1
0.01 57 1353743340 0 1 1 1 7 25 0 1
0.02 19 1353743360 157 10 10 11 7 15 0 1
0.03 20 1353743365 5 10 10 11 7 15 0 1
0.04 14 1353743379 14 8 10 11 7 15 0 1
0.05 15 1353743385 6 8 10 11 7 15 0 1
0.06 15 1353743388 3 8 10 11 7 15 0 1
0.07 13 1353743400 12 5 10 11 7 15 0 1
0.08 14 1353743404 4 5 10 11 7 15 0 1
0.09 14 1353743409 5 5 10 11 7 15 0 1
0.1 14 1353743411 2 4 10 11 7 15 0 1
0.11 16 1353743416 5 3 10 11 7 15 0 1
0.02 71 1353743422 89 14 14 15 7 15 0 1
0.03 31 1353743461 39 13 14 15 7 15 0 1
0.04 15 1353743480 19 12 14 15 7 15 0 1
0.05 13 1353743481 1 12 14 15 7 15 0 1
0.06 15 1353743486 5 12 13 15 7 15 0 1
0.07 13 1353743489 3 12 13 15 7 15 0 1
0.08 14 1353743503 14 8 13 15 7 15 0 1
0.09 15 1353743505 2 8 13 15 7 15 0 1
0.1 15 1353743508 3 8 13 15 7 15 0 1
0.11 15 1353743511 3 8 13 15 7 15 0 1
0.12 14 1353743514 3 7 13 15 7 15 0 1
0.14 13 1353743531 17 3 12 15 7 15 0 1
0.15 13 1353743534 3 3 12 15 7 15 0 1
0.16 14 1353743538 4 3 12 15 7 15 0 1
0.01 177 1353845010 0 3 3 3 12 25 0 1
0.02 108 1353845079 69 2 2 3 12 25 0 1
0.03 83 1353845103 24 1 2 3 12 25 0 1
0.01 18 1354121768 0 6 6 6 16 15 0 1
0.02 18 1354121787 19 5 6 6 16 15 0 1
0.03 19 1354121794 7 5 6 6 16 15 0 1
0.04 15 1354121812 18 3 6 6 16 15 0 1
0.05 15 1354121813 1 3 6 6 16 15 0 1
0.06 14 1354121818 5 3 6 6 16 15 0 1
0.01 27 1354121820 0 6 6 6 16 15 0 1
0.02 20 1354121833 13 5 6 6 16 15 0 1
0.03 18 1354121835 2 5 6 6 16 15 0 1
0.04 16 1354121836 1 5 6 6 16 15 0 1
0.05 14 1354121840 4 5 6 6 16 15 0 1
0.06 14 1354121842 2 5 6 6 16 15 0 1
0.01 25 1354510832 0 5 5 5 5 15 0 1
0.02 19 1354510851 19 4 5 5 5 15 0 1
0.03 21 1354510854 3 4 5 5 5 15 0 1
0.04 19 1354510855 1 4 5 5 5 15 0 1
0.05 14 1354510865 10 1 5 5 5 15 0 1
0.01 173 1353764014 0 3 3 3 13 15 0 1
0.02 121 1353764066 52 2 3 3 13 15 0 1
0.03 88 1353764100 34 1 2 3 13 15 0 1
0.01 176 1354496032 0 25 25 25 0 25 0 1
0.02 88 1354496120 88 24 24 25 0 25 0 1
0.03 59 1354496149 29 23 24 25 0 25 0 1
0.04 19 1354496189 40 22 23 25 0 25 0 1
0.05 19 1354496196 7 22 23 25 0 25 0 1
0.06 20 1354496205 9 21 23 25 0 25 0 1
0.07 14 1354496221 16 19 22 25 0 25 0 1
0.08 15 1354496223 2 19 22 25 0 25 0 1
0.09 14 1354496229 6 19 22 25 0 25 0 1
0.1 14 1354496235 6 17 22 25 0 25 0 1
0.11 15 1354496240 5 16 22 25 0 25 0 1
0.12 14 1354496242 2 16 22 25 0 25 0 1
0.13 13 1354496252 10 13 21 25 0 25 0 1
0.15 15 1354496266 14 12 19 25 0 25 0 1
0.16 14 1354496280 14 11 19 25 0 25 0 1
0.17 14 1354496283 3 11 17 25 0 25 0 1
0.18 14 1354496292 9 10 16 25 0 25 0 1
0.19 13 1354496294 2 9 16 25 0 25 0 1
0.2 14 1354496296 2 9 15 25 0 25 0 1
0.21 13 1354496300 4 9 14 25 0 25 0 1
0.22 14 1354496301 1 9 14 25 0 25 0 1
0.23 15 1354496312 11 4 12 25 0 25 0 1
0.24 15 1354496323 11 3 12 25 0 25 0 1
0.25 14 1354496331 8 3 11 25 0 25 0 1
0.26 15 1354496336 5 2 11 24 0 25 0 1
0.01 79 1354141667 0 9 9 9 22 50 0 1
0.02 64 1354141682 15 8 9 9 22 50 0 1
0.03 21 1354141730 48 7 8 9 22 50 0 1
0.04 18 1354141751 21 6 7 9 22 50 0 1
0.05 20 1354141752 1 6 7 9 22 50 0 1
0.06 19 1354141769 17 4 7 9 22 50 0 1
0.07 19 1354141770 1 4 7 9 22 50 0 1
0.08 19 1354141786 16 2 7 9 22 50 0 1
0.09 19 1354141788 2 2 7 9 22 50 0 1
0.01 19 1354141898 0 4 4 4 22 25 0 1
0.02 19 1354141916 18 3 4 4 22 25 0 1
0.03 20 1354141921 5 3 4 4 22 25 0 1
0.04 19 1354141928 7 2 4 4 22 25 0 1
0.01 163 1354580250 0 15 15 15 0 25 0 1
0.02 125 1354580288 38 14 15 15 0 25 0 1
0.01 176 1354580332 0 4 4 4 0 15 0 1
0.03 37 1354580376 88 13 13 15 0 25 0 1
0.04 34 1354580379 3 13 13 15 0 25 0 1
0.05 19 1354580397 18 11 13 15 0 25 0 1
0.06 19 1354580400 3 11 13 15 0 25 0 1
0.07 14 1354580415 15 9 13 15 0 25 0 1
0.08 15 1354580419 4 9 13 15 0 25 0 1
0.09 13 1354580424 5 9 13 15 0 25 0 1
0.1 15 1354580426 2 8 13 15 0 25 0 1
0.11 14 1354580441 15 5 11 15 0 25 0 1
0.12 13 1354580442 1 5 11 15 0 25 0 1
0.13 14 1354580444 2 5 11 15 0 25 0 1
0.14 14 1354580448 4 5 11 15 0 25 0 1
0.15 15 1354580451 3 4 11 15 0 25 0 1
0.02 48 1354580461 129 3 3 4 0 15 0 1
0.03 26 1354580481 20 2 3 4 0 15 0 1
0.04 15 1354580503 22 1 3 4 0 15 0 1
0.01 56 1353877915 0 11 11 11 21 15 0 1
0.02 19 1353877967 52 10 11 11 21 15 0 1
0.03 20 1353877969 2 10 11 11 21 15 0 1
0.04 15 1353877974 5 10 11 11 21 15 0 1
0.05 14 1353877987 13 7 10 11 21 15 0 1
0.06 13 1353877988 1 7 10 11 21 15 0 1
0.07 14 1353877989 1 7 10 11 21 15 0 1
0.08 14 1353877991 2 7 10 11 21 15 0 1
0.09 14 1353878000 9 4 10 11 21 15 0 1
0.1 13 1353878001 1 3 10 11 21 15 0 1
0.12 14 1353878014 13 1 10 11 21 15 0 1
0.01 114 1354168958 0 12 12 12 6 25 1 1
0.02 92 1354168979 21 11 12 12 6 25 1 1
0.03 72 1354168999 20 10 12 12 6 25 1 1
0.04 37 1354169034 35 9 11 12 6 25 1 1
0.01 57 1354169041 0 15 15 15 6 15 0 1
0.05 19 1354169060 26 8 9 12 6 25 1 1
0.06 19 1354169077 17 7 9 12 6 25 1 1
0.07 15 1354169082 5 7 9 12 6 25 1 1
0.02 19 1354169085 44 14 15 15 6 15 0 1
0.08 14 1354169086 4 7 9 12 6 25 1 1
0.09 15 1354169092 6 5 9 12 6 25 1 1
0.1 14 1354169104 12 3 8 12 6 25 1 1
0.03 19 1354169104 19 13 14 15 6 15 0 1
0.11 13 1354169105 1 3 8 12 6 25 1 1
0.05 18 1354169105 1 13 14 15 6 15 0 1
0.06 16 1354169107 2 13 14 15 6 15 0 1
0.13 16 1354169110 5 3 8 12 6 25 1 1
0.07 14 1354169120 13 10 14 15 6 15 0 1
0.08 14 1354169129 9 10 14 15 6 15 0 1
0.09 15 1354169142 13 8 14 15 6 15 0 1
0.1 14 1354169154 12 7 13 15 6 15 0 1
0.11 14 1354169156 2 7 13 15 6 15 0 1
0.12 14 1354169163 7 7 13 15 6 15 0 1
0.13 14 1354169165 2 6 11 15 6 15 0 1
0.14 15 1354169171 6 5 10 15 6 15 0 1
0.15 14 1354169182 11 2 9 15 6 15 0 1
0.16 14 1354169189 7 2 8 15 6 15 0 1
0.01 103 1354564932 0 38 38 38 20 15 0 1
0.02 20 1354565020 88 37 37 38 20 15 0 1
0.01 173 1354565022 0 16 16 16 20 25 0 1
0.03 19 1354565025 5 37 37 38 20 15 0 1
0.04 15 1354565041 16 35 37 38 20 15 0 1
0.05 15 1354565055 14 34 37 38 20 15 0 1
0.06 14 1354565067 12 33 37 38 20 15 0 1
0.07 15 1354565073 6 33 37 38 20 15 0 1
0.08 14 1354565087 14 31 35 38 20 15 0 1
0.09 15 1354565099 12 30 35 38 20 15 0 1
0.1 15 1354565116 17 29 33 38 20 15 0 1
0.11 15 1354565117 1 29 33 38 20 15 0 1
0.12 15 1354565122 5 29 33 38 20 15 0 1
0.14 14 1354565137 15 26 31 38 20 15 0 1
0.15 14 1354565144 7 26 31 38 20 15 0 1
0.16 15 1354565160 16 24 29 38 20 15 0 1
0.02 27 1354565167 145 15 15 16 20 25 0 1
0.17 14 1354565175 15 23 29 38 20 15 0 1
0.03 19 1354565182 15 14 15 16 20 25 0 1
0.18 14 1354565187 12 22 26 38 20 15 0 1
0.04 20 1354565191 9 14 15 16 20 25 0 1
0.19 15 1354565203 16 21 25 38 20 15 0 1
0.05 19 1354565203 12 12 15 16 20 25 0 1
0.2 14 1354565204 1 21 24 38 20 15 0 1
0.21 16 1354565219 15 19 24 38 20 15 0 1
0.06 18 1354565219 16 11 15 16 20 25 0 1
0.22 13 1354565220 1 19 23 38 20 15 0 1
0.07 14 1354565227 8 11 14 16 20 25 0 1
0.23 15 1354565232 12 17 23 37 20 15 0 1
0.08 15 1354565243 16 9 13 16 20 25 0 1
0.24 14 1354565246 14 16 22 37 20 15 0 1
0.25 15 1354565247 1 16 21 37 20 15 0 1
0.09 13 1354565255 12 8 12 16 20 25 0 1
0.1 15 1354565257 2 8 12 16 20 25 0 1
0.26 14 1354565263 16 14 20 37 20 15 0 1
0.11 15 1354565266 9 7 11 16 20 25 0 1
0.27 14 1354565278 15 13 19 37 20 15 0 1
0.12 14 1354565279 13 5 10 16 20 25 0 1
0.13 15 1354565290 11 4 9 16 20 25 0 1
0.28 15 1354565294 16 12 16 37 20 15 0 1
0.14 16 1354565302 12 3 9 16 20 25 0 1
0.29 13 1354565309 15 11 14 37 20 15 0 1
0.15 14 1354565315 13 2 7 16 20 25 0 1
0.3 8 1354565324 15 10 13 36 20 15 0 1
0.16 14 1354565330 15 1 5 15 20 25 0 1
0.31 8 1354565333 9 10 13 35 20 15 0 1
0.32 8 1354565342 9 9 12 34 20 15 0 1
0.33 9 1354565349 7 8 12 34 20 15 0 1
0.34 10 1354565359 10 6 11 33 20 15 0 1
0.35 8 1354565369 10 5 10 32 20 15 0 1
0.36 9 1354565379 10 4 10 31 20 15 0 1
0.37 10 1354565389 10 3 9 30 20 15 0 1
0.38 9 1354565400 11 2 8 29 20 15 0 1
0.39 8 1354565411 11 1 6 29 20 15 0 1
0.01 47 1354516008 0 16 16 16 6 15 0 1
0.02 20 1354516055 47 15 16 16 6 15 0 1
0.03 18 1354516065 10 14 16 16 6 15 0 1
0.04 14 1354516073 8 14 15 16 6 15 0 1
0.05 15 1354516081 8 13 15 16 6 15 0 1
0.06 13 1354516082 1 13 15 16 6 15 0 1
0.07 13 1354516092 10 10 15 16 6 15 0 1
0.08 13 1354516100 8 10 15 16 6 15 0 1
0.09 14 1354516107 7 9 15 16 6 15 0 1
0.1 13 1354516123 16 7 14 16 6 15 0 1
0.11 14 1354516130 7 7 13 16 6 15 0 1
0.13 14 1354516145 15 5 10 16 6 15 0 1
0.14 13 1354516148 3 5 10 16 6 15 0 1
0.15 14 1354516157 9 4 9 16 6 15 0 1
0.16 13 1354516160 3 3 8 16 6 15 0 1
0.17 14 1354516168 8 2 7 16 6 15 0 1
0.01 176 1353862986 0 20 20 20 17 25 0 1
0.02 127 1353863036 50 19 20 20 17 25 0 1
0.03 21 1353863141 105 18 18 20 17 25 0 1
0.04 19 1353863144 3 18 18 20 17 25 0 1
0.05 20 1353863145 1 18 18 20 17 25 0 1
0.06 19 1353863159 14 15 18 20 17 25 0 1
0.07 15 1353863163 4 15 18 20 17 25 0 1
0.08 15 1353863178 15 13 18 20 17 25 0 1
0.09 14 1353863191 13 12 18 20 17 25 0 1
0.1 15 1353863204 13 11 16 20 17 25 0 1
0.11 14 1353863218 14 10 15 20 17 25 0 1
0.12 14 1353863219 1 10 14 20 17 25 0 1
0.13 15 1353863234 15 8 13 20 17 25 0 1
0.14 14 1353863238 4 8 12 20 17 25 0 1
0.15 15 1353863241 3 8 12 20 17 25 0 1
0.16 15 1353863248 7 6 12 20 17 25 0 1
0.17 15 1353863251 3 5 11 20 17 25 0 1
0.18 14 1353863264 13 3 10 20 17 25 0 1
0.19 15 1353863273 9 3 10 20 17 25 0 1
0.2 14 1353863285 12 1 8 20 17 25 0 1
0.01 172 1354195553 0 17 17 17 13 15 0 1
0.02 170 1354195555 2 17 17 17 13 15 0 1
0.01 28 1354195608 0 8 8 8 13 15 0 1
0.02 19 1354195623 15 7 8 8 13 15 0 1
0.03 19 1354195628 5 7 8 8 13 15 0 1
0.04 15 1354195639 11 5 8 8 13 15 0 1
0.03 81 1354195644 89 15 15 17 13 15 0 1
0.04 73 1354195651 7 15 15 17 13 15 0 1
0.05 13 1354195652 13 4 8 8 13 15 0 1
0.06 15 1354195655 3 4 8 8 13 15 0 1
0.07 15 1354195656 1 4 8 8 13 15 0 1
0.08 15 1354195658 2 4 8 8 13 15 0 1
0.05 52 1354195672 21 13 15 17 13 15 0 1
0.07 48 1354195678 6 13 15 17 13 15 0 1
0.08 39 1354195686 8 12 15 17 13 15 0 1
0.09 21 1354195704 18 10 14 17 13 15 0 1
0.1 13 1354195713 9 10 13 17 13 15 0 1
0.11 14 1354195715 2 9 13 17 13 15 0 1
0.12 14 1354195719 4 9 13 17 13 15 0 1
0.13 14 1354195722 3 9 13 17 13 15 0 1
0.14 13 1354195727 5 7 13 17 13 15 0 1
0.15 13 1354195729 2 6 13 17 13 15 0 1
0.16 14 1354195733 4 5 12 17 13 15 0 1
0.17 13 1354195736 3 5 12 17 13 15 0 1
0.18 14 1354195740 4 3 11 17 13 15 0 1
0.01 38 1354047562 0 9 9 9 20 25 0 1
0.02 21 1354047580 18 8 9 9 20 25 0 1
0.01 173 1354047583 0 5 5 5 20 15 0 1
0.03 18 1354047591 11 7 9 9 20 25 0 1
0.04 19 1354047602 11 6 9 9 20 25 0 1
0.05 18 1354047620 18 5 9 9 20 25 0 1
0.07 19 1354047638 18 4 8 9 20 25 0 1
0.08 19 1354047639 1 4 8 9 20 25 0 1
0.09 18 1354047640 1 4 7 9 20 25 0 1
0.1 13 1354047652 12 1 6 9 20 25 0 1
0.01 151 1354047652 0 8 8 8 20 15 0 1
0.02 142 1354047662 10 7 8 8 20 15 0 1
0.02 20 1354047748 165 4 4 5 20 15 0 1
0.03 55 1354047750 88 6 6 8 20 15 0 1
0.04 20 1354047770 22 3 4 5 20 15 0 1
0.05 14 1354047774 4 3 4 5 20 15 0 1
0.06 15 1354047782 8 2 4 5 20 15 0 1
0.04 14 1354047803 53 5 6 8 20 15 0 1
0.05 14 1354047810 7 5 5 8 20 15 0 1
0.06 13 1354047815 5 4 5 8 20 15 0 1
0.07 14 1354047827 12 2 5 8 20 15 0 1
0.01 63 1354047828 0 11 11 11 20 25 0 1
0.01 31 1354047833 0 3 3 3 20 15 0 1
0.02 29 1354047834 1 3 3 3 20 15 0 1
0.08 14 1354047838 11 1 5 8 20 15 0 1
0.03 21 1354047842 8 3 3 3 20 15 0 1
0.02 22 1354047871 43 10 11 11 20 25 0 1
0.03 19 1354047877 6 10 11 11 20 25 0 1
0.04 18 1354047885 8 9 11 11 20 25 0 1
0.05 19 1354047887 2 8 11 11 20 25 0 1
0.06 19 1354047905 18 6 10 11 20 25 0 1
0.07 16 1354047907 2 6 10 11 20 25 0 1
0.08 15 1354047913 6 6 10 11 20 25 0 1
0.09 14 1354047916 3 5 10 11 20 25 0 1
0.1 14 1354047930 14 2 10 11 20 25 0 1
0.12 13 1354047932 2 2 9 11 20 25 0 1
0.01 50 1354017996 0 11 11 11 12 15 0 1
0.02 20 1354018026 30 10 11 11 12 15 0 1
0.03 20 1354018044 18 9 11 11 12 15 0 1
0.04 15 1354018059 15 8 10 11 12 15 0 1
0.05 14 1354018066 7 8 10 11 12 15 0 1
0.06 14 1354018076 10 6 10 11 12 15 0 1
0.07 14 1354018079 3 6 10 11 12 15 0 1
0.08 16 1354018093 14 4 9 11 12 15 0 1
0.09 15 1354018094 1 4 9 11 12 15 0 1
0.1 15 1354018095 1 4 9 11 12 15 0 1
0.11 15 1354018108 13 1 8 11 12 15 0 1
0.01 62 1353956663 0 16 16 16 19 15 0 1
0.01 122 1353956663 0 35 35 35 19 50 0 1
0.01 174 1353956663 0 3 3 3 19 15 0 1
0.02 22 1353956702 39 15 16 16 19 15 0 1
0.03 19 1353956710 8 15 16 16 19 15 0 1
0.04 14 1353956717 7 14 16 16 19 15 0 1
0.05 14 1353956731 14 12 15 16 19 15 0 1
0.06 14 1353956737 6 12 15 16 19 15 0 1
0.07 14 1353956738 1 12 15 16 19 15 0 1
0.08 16 1353956752 14 9 15 16 19 15 0 1
0.09 15 1353956754 2 9 15 16 19 15 0 1
0.1 13 1353956755 1 9 15 16 19 15 0 1
0.11 15 1353956756 1 9 15 16 19 15 0 1
0.02 23 1353956762 99 34 34 35 19 50 0 1
0.12 14 1353956771 15 5 13 16 19 15 0 1
0.13 14 1353956772 1 5 13 16 19 15 0 1
0.14 14 1353956773 1 5 13 16 19 15 0 1
0.03 20 1353956775 13 33 34 35 19 50 0 1
0.15 13 1353956784 11 2 12 16 19 15 0 1
0.16 15 1353956791 7 2 11 16 19 15 0 1
0.04 20 1353956794 19 32 34 35 19 50 0 1
0.05 18 1353956807 13 31 34 35 19 50 0 1
0.06 20 1353956825 18 30 33 35 19 50 0 1
0.02 19 1353956832 169 2 2 3 19 15 0 1
0.03 19 1353956833 1 2 2 3 19 15 0 1
0.07 19 1353956838 13 29 32 35 19 50 0 1
0.08 18 1353956857 19 28 31 35 19 50 0 1
0.09 18 1353956871 14 27 30 35 19 50 0 1
0.1 19 1353956889 18 26 29 35 19 50 0 1
0.11 20 1353956905 16 25 28 35 19 50 0 1
0.12 20 1353956923 18 24 27 35 19 50 0 1
0.13 20 1353956930 7 24 27 35 19 50 0 1
0.14 19 1353956939 9 23 26 35 19 50 0 1
0.15 16 1353956942 3 22 26 35 19 50 0 1
0.16 14 1353956944 2 22 26 35 19 50 0 1
0.17 15 1353956946 2 22 26 35 19 50 0 1
0.18 13 1353956949 3 21 25 35 19 50 0 1
0.19 15 1353956954 5 19 25 35 19 50 0 1
0.2 15 1353956968 14 16 24 34 19 50 0 1
0.21 15 1353956980 12 15 24 34 19 50 0 1
0.22 16 1353956981 1 15 24 34 19 50 0 1
0.23 15 1353956988 7 15 23 34 19 50 0 1
0.24 14 1353956991 3 13 22 34 19 50 0 1
0.26 15 1353957005 14 11 19 34 19 50 0 1
0.27 15 1353957009 4 11 17 34 19 50 0 1
0.28 14 1353957023 14 9 16 34 19 50 0 1
0.36 16 1353957080 9 2 9 32 19 50 0 1
0.15 16 1353878822 5 3 10 14 21 50 0 1
0.17 15 1354052549 3 3 9 16 21 15 0 1
0.26 14 1354052773 4 2 7 25 21 25 0 1
0.04 15 1354235976 106 1 1 4 0 15 0 1
0.1 15 1354208562 14 1 5 9 17 15 0 1
0.08 15 1354208599 3 2 6 7 17 15 0 1
0.09 14 1354586998 1 2 8 9 2 15 0 1
0.16 15 1354495005 11 1 10 15 0 25 0 1
0.09 15 1354495119 6 3 7 9 0 15 0 1
0.08 14 1353749345 14 1 7 8 9 15 0 1
0.05 13 1354121549 3 2 5 5 16 15 0 1
0.36 14 1354121738 7 3 10 33 16 25 0 1
0.12 14 1353942396 1 2 11 11 15 15 0 1
0.12 14 1353769465 2 2 9 11 15 25 0 1
0.09 13 1353769534 13 1 6 8 15 15 0 1
0.11 14 1353769563 1 2 7 10 15 15 0 1
0.21 13 1353769645 3 2 8 20 15 25 0 1
0.21 15 1354504438 9 2 11 21 3 25 0 1
0.17 14 1354504446 2 3 6 16 3 50 0 1
0.12 14 1354066939 5 3 10 12 1 15 0 1
0.24 15 1354067023 2 2 8 23 1 25 0 1
0.11 14 1354114079 13 1 8 10 14 15 0 1
0.03 48 1354114096 30 1 2 3 14 25 0 1
0.13 15 1353834186 6 3 9 12 9 15 0 1
0.17 14 1353764533 15 1 7 17 13 25 0 1
0.06 13 1354226316 5 3 3 5 21 15 0 1
0.08 15 1354297989 3 2 4 8 17 25 0 1
0.08 15 1354298282 3 2 4 8 17 15 0 1
0.02 97 1354320672 69 1 1 2 0 25 0 1
0.08 13 1354320821 2 2 6 7 0 15 0 1
0.02 18 1354563070 160 1 1 2 19 15 0 1
0.26 15 1354538737 1 3 12 25 12 25 0 1
0.02 51 1353859030 35 1 2 2 15 15 0 1
0.04 14 1353859295 20 1 2 4 16 15 0 1
0.05 15 1354052273 13 1 4 5 21 15 0 1
0.19 14 1354052405 1 3 9 18 21 25 0 1
0.11 15 1354535268 7 2 7 10 11 15 0 1
0.06 14 1354301297 15 1 3 5 18 15 0 1
0.08 19 1353871594 20 1 6 7 19 50 0 1
0.1 12 1353999497 2 3 7 9 6 15 0 1
0.11 15 1353999584 15 1 8 11 6 15 0 1
0.01 21 1354540434 0 1 1 1 13 15 0 1
0.08 14 1354536320 5 4 6 8 12 15 0 1
0.06 15 1354161302 13 1 6 6 3 15 0 1
0.1 14 1354500403 8 2 8 10 2 25 0 1
0.18 15 1354500466 6 2 9 17 2 50 0 1
0.1 15 1353953082 7 3 8 9 18 15 0 1
0.1 14 1353937609 10 1 7 10 13 15 0 1
0.09 15 1354561875 6 2 5 9 19 25 0 1
0.21 15 1354562085 16 1 8 19 19 15 0 1
0.06 15 1354268884 11 1 4 5 9 15 0 1
0.11 15 1354269265 10 1 8 11 9 15 0 1
0.06 20 1354269314 13 1 3 6 9 25 0 1
0.22 15 1354269326 5 3 11 21 9 25 0 1
0.17 15 1353868996 12 1 8 16 18 15 0 1
0.17 14 1354152564 7 2 8 16 1 25 0 1
0.2 15 1354152667 6 2 6 20 1 50 0 1
0.33 9 1353765561 7 2 11 31 13 15 0 1
0.03 19 1354569815 13 1 2 3 21 25 0 1
0.04 14 1354570068 14 1 3 4 21 15 0 1
0.23 14 1353827299 1 2 9 22 7 50 0 1
0.16 14 1354264359 8 3 9 15 8 25 0 1
0.03 19 1354240011 53 1 2 2 1 15 1 1
0.19 14 1354219000 9 2 10 18 19 25 0 1
0.44 15 1354219319 1 2 8 43 20 25 0 1
0.02 20 1353775152 103 1 1 2 16 25 0 1
0.18 13 1353775184 1 4 14 17 16 15 0 1
0.18 15 1353755119 6 2 11 17 11 25 0 1
0.09 14 1353755578 7 3 7 9 11 15 0 1
0.02 117 1353755856 55 1 2 2 11 50 0 1
0.04 14 1354488534 13 1 4 4 22 15 0 1
0.01 20 1354488726 0 1 1 1 22 25 0 1
0.15 13 1354488836 12 1 9 14 22 25 0 1
0.06 19 1354281642 1 2 5 6 13 25 0 1
0.19 14 1354116543 10 1 9 19 15 15 0 1
0.25 13 1353826576 2 2 10 24 6 25 0 1
0.02 18 1353889866 4 2 2 2 0 15 0 1
0.06 14 1353775472 15 1 3 5 16 15 0 1
0.13 19 1353775516 20 1 6 12 16 50 0 1
0.02 46 1354490622 38 1 2 2 23 25 0 1
0.02 19 1354131743 74 1 1 2 19 15 0 1
0.17 15 1354132004 5 3 11 17 19 25 0 1
0.04 14 1354142090 10 1 4 4 22 15 0 1
0.23 15 1354038633 4 3 10 22 17 15 0 1
0.03 20 1354038653 17 1 2 3 17 15 0 1
0.18 14 1354038705 1 2 9 17 17 25 0 1
0.18 13 1354540302 1 3 9 17 13 25 0 1
0.06 20 1354033789 5 3 5 6 16 25 0 1
0.16 15 1354033795 13 1 7 15 16 15 0 1
0.06 19 1354033845 1 2 5 6 16 25 0 1
0.08 14 1354033933 1 2 6 7 16 15 0 1
0.05 15 1354170146 1 2 3 5 6 15 0 1
0.15 14 1354170187 10 1 9 14 6 25 0 1
0.13 15 1354170314 16 1 8 13 6 15 0 1
0.16 13 1353751004 15 1 9 16 9 15 0 1
0.06 10 1354237424 1 2 4 5 1 15 0 1
0.03 18 1354205551 6 2 3 3 16 15 0 1
0.04 20 1353768263 24 1 3 4 14 25 0 1
0.25 15 1354314034 12 1 5 24 22 15 0 1
0.04 19 1353932333 3 2 2 4 12 15 0 1
0.02 19 1354225034 19 1 2 2 21 15 0 1
0.05 19 1354225064 12 1 4 5 21 15 0 1
0.02 106 1353767226 65 1 1 2 14 25 0 1
0.03 34 1354044057 5 2 3 3 19 15 0 1
0.08 14 1354044207 7 3 5 7 19 15 0 1
0.05 17 1354008051 1 2 4 4 9 15 0 1
0.1 16 1353852798 11 1 7 9 14 15 0 1
0.24 15 1354503835 2 2 8 23 3 25 0 1
0.04 21 1354503841 6 2 2 4 3 25 0 1
0.13 14 1353798561 9 2 7 12 23 25 1 1
0.04 20 1354319528 7 2 2 4 23 50 0 1
0.13 13 1354319612 2 2 9 12 23 15 0 1
0.02 20 1353864864 32 1 2 2 17 15 0 1
0.06 13 1353864940 1 2 6 6 17 15 0 1
0.18 14 1354293630 4 2 8 18 16 15 0 1
0.27 14 1354293632 9 2 6 27 16 15 0 1
0.2 14 1354593311 10 1 10 20 3 15 0 1
0.37 14 1354593507 8 2 11 35 3 50 0 1
0.24 15 1354593524 1 2 10 24 3 25 0 1
0.09 14 1354299748 8 2 7 8 18 15 0 1
0.1 14 1354299781 1 2 9 10 18 15 0 1
0.12 14 1354229976 7 3 10 11 22 15 0 1
0.12 18 1354256116 6 2 9 12 6 50 0 1
0.04 14 1353945531 8 2 3 4 15 15 0 1
0.05 15 1353945596 28 1 3 4 15 15 0 1
0.09 14 1353945707 12 1 6 8 16 15 0 1
0.19 15 1353945864 8 2 11 18 16 15 0 1
0.05 13 1354292490 19 1 2 5 16 15 0 1
0.02 21 1354115401 15 1 2 2 15 25 0 1
0.15 14 1353880979 4 2 8 14 22 25 0 1
0.08 14 1353881096 1 2 6 7 22 15 0 1
0.21 13 1353881112 13 1 9 20 22 25 1 1
0.32 9 1353881188 4 2 8 31 22 15 0 1
0.03 19 1354130861 3 2 3 3 19 15 0 1
0.31 9 1354131230 6 3 8 29 19 15 0 1
0.06 13 1354110608 10 1 5 6 13 15 0 1
0.15 14 1354000420 15 1 6 14 7 50 0 1
0.06 14 1354000565 57 1 2 5 7 15 0 1
0.17 14 1354055809 13 1 6 16 22 15 0 1
0.06 15 1354169431 10 1 4 5 6 15 0 1
0.21 15 1354169600 4 2 7 21 6 15 0 1
0.27 15 1354169698 13 1 9 26 6 25 0 1
0.03 41 1353770762 133 1 1 2 15 50 0 1
0.24 13 1353770814 11 1 9 23 15 15 0 1
0.26 15 1353770819 9 2 11 25 15 25 0 1
0.06 13 1353770878 3 3 4 6 15 15 0 1
0.1 14 1353770941 3 3 8 10 15 15 0 1
0.03 20 1354063496 26 1 2 2 0 15 0 1
0.31 14 1354517132 16 1 8 30 6 50 0 1
0.05 14 1354517165 14 1 3 5 6 15 0 1
0.21 21 1354517275 11 1 5 19 6 100 0 1
0.01 30 1354593809 0 1 1 1 4 15 0 1
0.42 14 1354594245 17 1 7 38 4 50 0 1
0.02 18 1354526391 160 1 1 2 9 25 0 1
0.1 13 1354526400 12 1 6 9 9 15 0 1
0.06 14 1354526670 1 3 5 6 9 15 0 1
0.23 14 1354009493 8 2 8 22 9 15 0 1
0.23 14 1354009734 2 2 8 22 9 50 0 1
0.23 15 1354253937 2 2 12 22 5 15 0 1
0.03 19 1354253956 6 2 3 3 5 15 0 1
0.16 14 1354254004 17 1 7 16 5 15 0 1
0.35 9 1353826004 3 2 13 34 6 15 0 1
0.39 9 1354168422 10 1 9 38 5 15 0 1
0.05 13 1354125467 12 1 4 5 17 15 0 1
0.27 14 1354125631 12 1 7 27 18 25 0 1
0.05 14 1354223876 6 2 3 5 21 15 0 1
0.13 14 1354324896 1 3 10 13 1 25 0 1
0.16 13 1354324990 12 1 11 15 1 15 0 1
0.3 10 1354487223 4 3 12 30 22 15 0 1
0.03 21 1354567246 24 1 3 3 20 15 0 1
0.06 14 1354567346 2 2 5 6 20 15 0 1
0.08 20 1353829638 2 2 7 8 7 50 0 1
0.25 15 1353829707 1 3 14 24 7 25 0 1
0.08 18 1353829818 1 2 4 7 7 25 0 1
0.08 14 1354576226 17 1 5 8 23 15 0 1
0.12 20 1354576291 7 3 6 12 23 50 0 1
0.2 15 1354576421 7 2 8 20 23 25 0 1
0.72 13 1354576771 12 1 10 44 23 100 0 1
0.04 14 1354547547 18 1 3 4 15 15 0 1
0.08 14 1354117939 1 2 5 8 15 25 0 1
0.04 17 1354128224 23 1 3 4 18 25 0 1
0.04 39 1354128314 60 1 1 4 18 15 0 1
0.16 15 1353941934 5 2 8 16 14 15 0 1
0.3 10 1353942306 14 1 7 28 15 15 0 1
0.04 15 1354520273 50 1 2 4 7 15 0 1
0.13 15 1353782044 8 2 7 12 18 15 0 1
0.34 15 1353872438 4 2 7 32 19 25 1 1
0.08 15 1353775978 2 3 7 7 16 15 0 1
0.12 15 1353776284 8 2 7 11 16 15 0 1
0.11 14 1353948464 1 3 9 11 16 25 0 1
0.11 15 1353948567 14 1 6 11 16 15 0 1
0.08 15 1353948647 2 2 6 8 16 25 0 1
0.02 20 1354241022 159 1 1 2 2 15 0 1
0.15 15 1354246462 7 2 12 14 3 15 0 1
0.09 13 1353929385 10 1 7 9 11 15 0 1
0.03 19 1354118747 3 2 2 3 16 25 0 1
0.32 9 1354177943 9 2 10 31 8 15 0 1
0.27 15 1354110096 4 2 21 26 13 25 0 1
0.27 14 1354110187 2 2 12 26 13 25 0 1
0.13 14 1354140621 9 2 9 13 22 25 0 1
0.15 14 1354140658 3 2 13 15 22 15 0 1
0.12 19 1354140702 11 1 6 11 22 100 0 1
0.24 15 1354281492 9 2 14 24 13 15 0 1
0.02 128 1354524151 35 1 2 2 8 25 0 1
0.09 15 1354524433 8 2 6 9 8 25 0 1
0.09 14 1354046176 6 2 4 9 19 25 1 1
0.05 19 1354046181 6 2 4 5 19 25 0 1
0.04 19 1354046309 15 1 4 4 19 25 0 1
0.06 13 1354013221 2 3 4 6 10 15 0 1
0.15 16 1354013709 8 2 10 14 10 15 0 1
0.16 15 1354002447 4 2 9 15 7 15 0 1
0.27 14 1354002648 12 1 7 26 7 25 0 1
0.17 14 1354596037 6 2 13 17 4 25 0 1
0.18 14 1353885284 2 3 10 18 23 25 0 1
0.04 27 1354303814 15 1 3 4 19 15 1 1
0.18 14 1354304001 2 3 12 18 19 25 0 1
0.18 14 1353946212 7 2 9 17 16 25 0 1
0.11 15 1353946244 8 2 9 11 16 15 0 1
0.16 15 1353946286 3 2 7 16 16 50 0 1
0.1 15 1353946313 3 2 7 10 16 15 0 1
0.44 8 1353946326 6 2 12 42 16 15 0 1
0.08 14 1353945186 8 2 6 7 15 15 0 1
0.08 17 1353826216 1 3 7 8 6 25 0 1
0.16 14 1353826247 10 1 7 15 6 15 0 1
0.41 10 1353826451 1 2 12 39 6 15 0 1
0.09 15 1354154698 3 2 7 9 2 15 0 1
0.06 20 1354154803 8 2 6 6 2 25 0 1
0.1 14 1354154879 4 3 8 10 2 15 0 1
0.15 15 1353877009 1 2 11 15 20 15 0 1
0.12 15 1353877099 4 3 8 11 20 25 0 1
0.09 14 1354149464 2 2 8 8 0 15 0 1
0.16 15 1354149515 3 2 9 15 0 15 0 1
0.13 16 1354149650 1 3 8 13 0 15 0 1
0.12 15 1353766314 5 3 10 11 14 25 0 1
0.24 15 1353855966 6 3 19 23 15 15 0 1
0.04 20 1353856026 10 1 2 4 15 25 0 1
0.17 15 1353856251 3 4 13 16 15 15 0 1
0.01 27 1353739749 0 1 1 1 6 25 0 1
0.04 33 1353739867 75 1 1 4 6 15 0 1
0.09 14 1354291122 14 1 6 9 15 15 0 1
0.11 14 1354584244 1 2 8 11 1 15 0 1
0.2 14 1354584322 8 2 7 19 1 25 0 1
0.08 14 1353931478 1 3 7 8 12 15 0 1
0.05 20 1353931613 19 1 4 4 12 25 0 1
0.03 21 1354320362 7 2 3 3 0 15 0 1
0.08 15 1354320553 11 1 6 8 0 15 0 1
0.32 14 1354320734 2 2 16 31 0 25 0 1
0.04 18 1353772283 2 2 4 4 15 15 0 1
0.08 14 1353772347 12 1 5 7 15 15 0 1
0.01 84 1353766543 0 1 1 1 14 15 0 1
0.09 14 1353766610 7 2 8 9 14 15 0 1
0.15 15 1354244385 5 3 8 14 2 15 0 1
0.1 14 1354197372 1 2 8 10 13 25 0 1
0.04 19 1353880660 13 1 3 4 21 25 0 1
0.08 15 1353880693 1 2 6 7 21 15 0 1
0.05 47 1354200016 3 2 3 4 14 15 0 1
0.34 15 1354272679 8 2 8 32 10 25 0 1
0.02 51 1354312610 9 2 2 2 21 15 0 1
0.04 14 1354312625 7 2 4 4 21 15 0 1
0.11 15 1353848427 3 2 8 11 13 15 0 1
0.04 37 1353848477 7 2 3 4 13 25 0 1
0.11 14 1353848728 1 4 7 10 13 25 0 1
0.2 13 1353848967 5 3 11 20 13 15 0 1
0.15 13 1354124845 8 3 7 15 17 15 0 1
0.22 15 1354125101 2 2 10 21 17 15 0 1
0.26 14 1354125171 10 1 7 25 17 15 0 1
0.32 10 1354163762 2 3 8 31 4 15 0 1
0.22 13 1354163813 13 1 7 21 4 15 0 1
0.04 27 1354018649 86 1 1 4 12 15 0 1
0.15 14 1354018673 1 2 9 14 12 25 0 1
0.17 13 1354019039 9 2 10 16 12 15 0 1
0.16 14 1354053326 3 5 13 16 21 25 0 1
0.18 15 1353747776 8 3 13 18 9 15 0 1
0.09 14 1353747788 4 5 6 8 9 15 0 1
0.03 18 1354012712 18 1 2 3 10 15 0 1
0.1 14 1354013033 10 1 5 10 10 15 0 1
0.26 15 1354260172 14 1 7 25 7 25 0 1
0.36 8 1354260249 12 1 8 35 7 15 0 1
0.23 14 1354260297 6 3 14 23 7 25 0 1
0.11 13 1353950865 9 2 8 11 17 15 0 1
0.09 13 1354165449 4 4 9 9 5 15 0 1
0.1 14 1354165578 4 2 7 10 5 25 0 1
0.1 13 1354534262 13 1 8 10 11 15 0 1
0.18 14 1354534364 9 2 9 17 11 25 0 1
0.17 15 1354191602 4 3 12 16 12 15 0 1
0.13 20 1354192177 8 2 7 13 12 50 0 1
0.02 168 1353748333 1 2 2 2 9 25 0 1
0.16 14 1353748611 16 1 10 15 9 15 0 1
0.08 15 1353859957 9 2 7 8 16 15 0 1
0.09 15 1354213994 1 3 7 9 18 15 0 1
0.09 15 1354203669 2 2 8 9 15 15 0 1
0.25 15 1354203673 2 2 8 25 15 15 0 1
0.21 15 1354556609 1 3 11 20 17 25 0 1
0.12 13 1354556700 6 3 8 11 17 15 0 1
0.12 13 1353942474 7 4 9 12 15 25 0 1
0.01 44 1353942488 0 1 1 1 15 15 0 1
0.11 15 1353942597 1 5 9 10 15 25 0 1
0.33 9 1354192911 4 3 9 32 12 15 0 1
0.1 15 1354232023 15 1 7 10 23 15 0 1
0.2 15 1354232351 14 1 7 20 23 15 0 1
0.11 15 1353949746 4 3 6 10 17 25 0 1
0.23 14 1354042943 8 2 8 23 19 15 0 1
0.08 15 1353946440 6 2 8 8 16 25 0 1
0.01 80 1354208624 0 1 1 1 17 25 0 1
0.18 14 1354149125 6 3 8 17 0 25 0 1
0.03 19 1353943430 2 2 2 3 15 25 0 1
0.09 15 1353933495 1 2 6 8 12 25 0 1
0.12 14 1353933987 15 1 8 11 12 15 0 1
0.34 15 1354144153 3 2 8 33 23 50 0 1
0.02 26 1354198813 135 1 1 2 14 15 0 1
0.03 18 1354198824 62 1 1 3 14 15 0 1
0.19 14 1354198914 14 1 8 18 14 15 0 1
0.05 19 1354039829 14 1 5 5 18 25 0 1
0.04 19 1353760247 2 2 3 4 12 25 0 1
0.04 14 1354516728 14 1 2 3 6 15 0 1
0.08 14 1354516769 19 1 4 7 6 25 0 1
0.03 21 1354568470 34 1 3 3 21 15 0 1
0.06 14 1354568488 19 1 4 5 21 15 0 1
0.05 19 1353786106 16 1 4 4 19 25 0 1
0.12 15 1353786130 5 3 10 12 19 15 0 1
0.04 14 1353786228 7 2 3 4 19 15 0 1
0.11 14 1354237073 2 4 10 11 0 15 0 1
0.06 14 1354487683 6 3 4 5 22 15 0 1
0.3 15 1354487956 4 3 12 28 22 25 0 1
0.02 78 1354144288 97 1 1 2 23 25 0 1
0.21 15 1354144369 8 2 9 21 23 15 0 1
0.08 15 1354144441 7 2 4 7 23 25 0 1
0.22 13 1354144467 11 1 6 20 23 15 0 1
0.06 20 1354552665 17 1 4 6 16 25 0 1
0.15 14 1354141489 5 3 10 14 22 25 0 1
0.12 19 1354141501 1 2 9 12 22 50 0 1
0.04 15 1354141571 8 2 4 4 22 15 0 1
0.08 15 1354599146 8 2 5 8 5 25 0 1
0.18 15 1354599200 1 7 16 18 5 15 0 1
0.13 15 1353761006 12 1 5 12 12 15 0 1
0.13 15 1354296625 16 1 7 12 17 15 0 1
0.1 19 1354296628 7 2 8 10 17 100 0 1
0.16 14 1354541321 16 1 6 15 13 25 0 1
0.03 19 1354566070 17 1 2 3 20 15 0 1
0.26 14 1354566190 1 2 6 24 20 25 0 1
0.01 19 1354142245 0 1 1 1 22 15 0 1
0.04 19 1354142464 1 2 3 4 22 25 0 1
0.16 13 1354198678 5 3 7 16 14 50 0 1
0.13 15 1354192475 1 3 11 13 12 25 0 1
0.03 48 1353824927 30 1 3 3 6 25 0 1
0.19 20 1353825153 13 1 5 18 6 100 0 1
0.11 15 1353825167 6 2 8 10 6 25 0 1
0.54 8 1354544668 1 2 12 53 14 25 0 1
0.2 14 1354544937 13 1 7 19 14 15 0 1
0.04 24 1353857615 9 2 2 4 15 15 0 1
0.08 14 1353857637 10 1 6 7 15 25 0 1
0.12 15 1353928238 1 2 7 11 11 15 0 1
0.02 22 1354293170 29 1 2 2 16 15 0 1
0.02 32 1354230740 144 1 1 2 23 25 0 1
0.15 15 1354230742 9 2 9 15 23 15 0 1
0.04 31 1353955044 9 2 3 4 18 25 0 1
0.09 13 1353955104 1 2 6 8 18 25 0 1
0.02 32 1354036731 61 1 1 2 17 15 0 1
0.1 15 1354036767 13 1 5 9 17 25 0 1
0.11 14 1354036928 2 3 9 11 17 15 0 1
0.08 14 1353865799 2 2 7 8 17 25 0 1
0.13 13 1353738294 1 3 9 12 6 25 0 1
0.16 14 1354505477 5 3 8 15 3 50 0 1
0.05 20 1354542501 16 1 4 5 13 15 0 1
0.15 15 1354542506 4 2 11 14 13 15 0 1
0.1 15 1354542547 9 2 7 10 13 25 0 1
0.1 14 1354543784 14 1 8 10 14 15 0 1
0.16 14 1353936984 5 2 9 15 13 15 0 1
0.05 16 1354559885 3 2 4 4 18 15 0 1
0.25 15 1354560275 10 1 6 24 18 25 0 1
0.06 13 1354250045 1 3 5 6 4 15 0 1
0.05 19 1354288546 6 2 4 5 15 25 0 1
0.04 14 1354288721 7 2 3 4 15 15 0 1
0.12 14 1354288750 2 3 7 12 15 25 0 1
0.2 14 1353887073 3 2 9 19 23 15 0 1
0.35 16 1354597080 1 2 13 34 4 25 1 1
0.15 14 1354198126 18 1 6 14 14 15 0 1
0.04 19 1354033416 8 2 2 3 16 25 0 1
0.01 47 1354033597 0 1 1 1 16 15 0 1
0.03 81 1354307340 92 1 1 2 20 100 0 1
0.03 19 1354307508 16 1 2 3 20 50 0 1
0.06 13 1353925538 1 2 3 6 10 15 0 1
0.16 13 1354126180 7 3 12 15 18 25 0 1
0.03 20 1354126283 17 1 3 3 18 15 0 1
0.13 14 1354126349 14 1 8 13 18 25 0 1
0.03 19 1354561106 17 1 2 3 18 25 0 1
0.09 15 1354561310 1 2 6 8 19 15 0 1
0.35 10 1354130201 5 4 14 34 19 15 1 1
0.1 15 1354562180 3 3 8 10 19 25 0 1
0.01 66 1354562262 0 1 1 1 19 15 0 1
0.19 14 1354562367 8 3 7 18 19 15 0 1
0.17 14 1354113014 3 3 9 17 14 15 0 1
0.1 20 1353960979 7 2 8 10 20 250 0 1
0.16 14 1353772088 6 2 9 15 15 25 0 1
0.19 15 1354582376 11 1 9 19 0 50 0 1
0.09 15 1354582380 5 2 6 9 0 25 0 1
0.2 15 1354582542 7 2 8 19 0 15 0 1
0.08 14 1353830085 8 2 6 8 7 25 0 1
0.22 13 1353939897 10 1 8 22 14 25 0 1
0.19 15 1353939901 3 2 11 18 14 15 0 1
0.21 14 1354158268 9 2 10 21 3 15 0 1
0.04 20 1354158490 3 3 4 4 3 50 0 1
0.15 13 1354258293 1 2 10 14 6 15 0 1
0.06 20 1353865312 10 1 4 6 17 25 1 1
0.09 20 1353865375 20 1 5 8 17 50 0 1
0.1 15 1353865448 2 3 7 10 17 15 0 1
0.1 14 1354161047 3 2 7 10 3 15 0 1
0.08 13 1354302149 7 3 6 7 19 15 0 1
0.02 77 1354302309 95 1 1 2 19 25 0 1
0.11 15 1354302346 9 2 8 11 19 25 0 1
0.64 10 1354302544 7 3 14 62 19 25 0 1
0.15 14 1354234788 6 2 6 14 0 15 0 1
0.02 20 1354573837 122 1 1 2 22 50 0 1
0.23 14 1354573971 2 2 8 20 22 15 0 1
0.02 81 1354301774 91 1 1 2 18 25 0 1
0.03 18 1354301798 1 2 2 3 18 15 0 1
0.04 14 1354302050 7 3 3 4 19 15 0 1
0.04 20 1354204895 1 2 3 4 16 50 0 1
0.09 15 1353924934 2 3 7 9 10 15 0 1
0.11 14 1354284132 7 2 7 11 14 15 0 1
0.25 16 1354520593 1 2 8 23 7 25 0 1
0.32 9 1354123516 9 2 7 31 17 15 0 1
0.16 15 1354551640 7 2 7 15 16 15 0 1
0.23 15 1354551757 10 1 8 22 16 15 0 1
0.06 19 1353740219 17 1 4 6 6 25 0 1
0.34 10 1353740347 10 1 9 32 6 15 0 1
0.08 14 1353746120 11 1 5 7 8 15 0 1
0.1 14 1353746276 1 2 7 9 8 25 0 1
0.04 19 1354560844 18 1 3 4 18 25 0 1
0.2 14 1354561111 13 1 7 20 18 50 0 1
0.18 14 1353938259 2 4 11 17 13 25 0 1
0.35 10 1353938589 11 1 11 33 14 15 0 1
0.05 14 1354051939 2 3 5 5 21 15 0 1
0.05 15 1354051940 15 1 4 5 21 15 0 1
0.05 19 1354051997 16 1 3 5 21 25 0 1
0.02 83 1353929621 8 2 2 2 11 25 0 1
0.03 18 1353941417 2 2 3 3 14 15 0 1
0.13 15 1353941499 1 3 11 13 14 15 0 1
0.19 13 1353941512 3 2 12 19 14 50 0 1
0.24 17 1354238151 1 3 8 23 1 100 0 1
0.33 10 1354147925 12 1 9 32 0 15 0 1
0.22 14 1354148027 6 2 8 21 0 50 0 1
0.38 16 1354148164 7 2 9 36 0 25 0 1
0.02 89 1354178302 85 1 1 2 8 15 0 1
0.18 15 1354217941 4 2 12 17 19 15 0 1
0.27 14 1354218132 1 4 11 26 19 25 0 1
0.09 15 1354128615 9 2 6 9 18 25 0 1
0.05 19 1354128618 1 2 4 5 18 50 0 1
0.2 15 1354128849 7 2 9 19 18 50 0 1
0.12 15 1353879472 1 2 10 11 21 25 1 1
0.21 15 1353879611 12 1 12 20 21 25 0 1
0.21 16 1353832725 4 2 10 20 8 25 0 1
0.1 14 1353832734 2 2 6 9 8 15 0 1
0.04 18 1353828747 3 2 4 4 7 15 0 1
0.12 14 1353828766 15 1 7 11 7 15 0 1
0.19 14 1353911132 12 1 14 19 6 25 1 1
0.18 15 1353780179 16 1 10 17 18 15 0 1
0.06 19 1353780275 5 2 4 5 18 25 0 1
0.2 13 1353780388 14 1 8 19 18 15 0 1
0.43 10 1353780392 10 1 10 38 18 15 0 1
0.03 19 1353944038 14 1 2 3 15 15 0 1
0.08 14 1353944094 5 3 6 8 15 15 0 1
0.11 14 1353944315 3 2 8 11 15 15 0 1
0.11 15 1353769885 9 2 7 11 15 15 0 1
0.23 14 1353749830 14 1 6 22 9 25 0 1
0.09 13 1353750440 5 4 7 8 9 15 0 1
0.17 14 1354317730 2 3 11 16 23 25 0 1
0.12 13 1354317730 6 2 10 11 23 25 0 1
0.08 15 1353862168 13 1 5 8 16 15 0 1
0.19 15 1354236803 5 2 8 18 0 25 0 1
0.2 15 1354237033 9 2 8 19 0 15 0 1
0.15 15 1354230901 4 3 8 14 23 25 0 1
0.05 14 1354230996 12 1 4 5 23 15 0 1
0.08 13 1354231115 11 1 6 8 23 50 0 1
0.06 13 1353944552 2 2 5 6 15 15 0 1
0.02 20 1353944748 4 2 2 2 15 15 0 1
0.02 19 1354169684 33 1 2 2 6 50 0 1
0.05 82 1354169880 34 1 2 4 6 15 0 1
0.23 14 1353912970 7 2 7 22 6 25 0 1
0.16 15 1353912999 7 3 7 15 6 15 0 1
0.32 15 1354521285 10 1 9 31 7 25 0 1
0.03 20 1354182790 1 2 2 3 9 15 0 1
0.41 15 1354183097 6 2 8 39 9 25 0 1
0.22 14 1354111523 11 1 8 22 14 15 0 1
0.03 20 1354016377 40 1 2 3 11 15 0 1
0.06 13 1354126714 16 1 5 6 18 15 0 1
0.17 14 1354126876 4 2 8 16 18 15 0 1
0.12 14 1354214492 9 2 9 12 18 15 0 1
0.1 14 1353956448 4 2 8 9 19 25 0 1
0.11 12 1353956474 7 2 7 10 19 15 0 1
0.03 20 1353956653 74 1 1 3 19 25 0 1
0.38 14 1353956801 7 2 9 36 19 25 0 1
0.23 14 1354021924 1 4 17 22 13 25 0 1
0.09 14 1354510109 12 1 6 9 4 25 0 1
0.2 14 1354510151 7 3 9 19 4 25 0 1
0.34 14 1353913721 7 2 8 33 7 50 0 1
0.2 13 1353856919 1 3 8 19 15 15 0 1
0.21 15 1353856935 1 3 12 21 15 25 0 1
0.08 15 1353856975 7 2 5 7 15 25 0 1
0.08 14 1353857057 2 4 7 8 15 25 0 1
0.2 15 1353857119 8 2 7 20 15 15 0 1
0.04 15 1354551805 20 1 3 4 16 15 0 1
0.11 15 1354552041 3 2 8 10 16 15 0 1
0.04 15 1354495740 4 2 3 3 0 15 0 1
0.1 13 1354495825 3 3 8 9 0 25 1 1
0.21 14 1354495934 1 2 16 21 0 15 0 1
0.09 14 1354011618 16 1 6 9 10 15 0 1
0.09 13 1354011669 3 3 7 8 10 15 0 1
0.1 12 1354555823 1 2 5 9 17 15 0 1
0.31 8 1354556047 3 2 10 31 17 15 0 1
0.11 14 1354167606 2 5 10 11 5 15 0 1
0.2 16 1354167858 12 1 8 19 5 50 0 1
0.1 15 1354167862 13 1 8 10 5 15 0 1
0.05 15 1354306211 11 1 5 5 20 15 0 1
0.05 18 1354306447 2 2 4 5 20 25 0 1
0.36 15 1354306481 6 2 9 34 20 50 0 1
0.31 10 1354306574 2 6 19 29 20 15 0 1
0.13 15 1354222393 8 2 9 13 20 25 1 1
0.06 19 1353831923 6 3 5 5 8 25 0 1
0.02 118 1353951315 58 1 2 2 17 15 0 1
0.06 15 1354549689 4 2 5 5 15 15 0 1
0.17 15 1354549704 1 2 9 17 15 25 0 1
0.13 14 1354119965 13 1 7 13 16 15 0 1
0.15 15 1354120234 7 3 8 15 16 15 0 1
0.61 14 1354120301 8 2 10 44 16 50 0 1
0.27 15 1354544699 7 2 9 25 14 15 0 1
0.12 13 1354117611 2 3 9 12 15 15 0 1
0.15 15 1354117730 6 2 7 14 15 15 0 1
0.18 14 1354117765 1 5 14 18 15 25 0 1
0.05 15 1353795842 45 1 3 4 22 15 0 1
0.43 15 1353796172 7 2 11 40 22 25 0 1
0.09 15 1353753844 8 2 7 9 10 25 0 1
0.33 14 1354145026 16 1 7 33 23 25 0 1
0.31 14 1354145090 14 1 9 31 23 25 0 1
0.03 32 1354582506 17 1 3 3 0 15 0 1
0.16 15 1354127992 3 2 7 15 18 50 0 1
0.11 15 1354254529 7 3 9 10 5 25 0 1
0.05 14 1354119644 11 1 3 5 16 15 0 1
0.16 14 1354007351 6 4 12 15 9 15 0 1
0.02 20 1354168655 172 1 1 2 5 15 0 1
0.09 14 1354168680 5 2 6 8 5 25 0 1
0.01 39 1353777965 0 1 1 1 17 15 0 1
0.05 14 1353777993 9 2 5 5 17 15 0 1
0.03 20 1354272765 7 2 3 3 10 25 0 1
0.11 14 1354272797 2 2 7 11 10 15 0 1
0.11 13 1354227639 1 2 9 11 22 15 0 1
0.09 12 1354556803 15 1 6 8 17 15 0 1
0.02 83 1354522759 90 1 1 2 8 15 0 1
0.11 15 1354518429 12 1 9 11 7 15 0 1
0.22 16 1354518622 2 5 17 22 7 25 0 1
0.1 14 1354554054 7 3 8 9 17 15 0 1
0.11 13 1354554143 11 1 9 11 17 15 0 1
0.1 14 1354554186 3 2 8 10 17 25 0 1
0.04 15 1353949048 17 1 2 4 16 15 0 1
0.12 13 1353804812 4 2 10 12 0 15 0 1
0.09 14 1354203643 12 1 6 9 15 25 0 1
0.04 14 1354203721 24 1 3 4 15 15 0 1
0.09 15 1354506084 3 3 7 9 3 15 0 1
0.05 20 1354506162 23 1 4 5 3 25 0 1
0.24 14 1354582049 13 1 6 22 0 15 0 1
0.48 14 1354582354 4 2 10 39 0 25 0 1
0.17 15 1354314087 8 3 10 16 22 15 0 1
0.13 15 1354035174 10 1 5 12 16 15 0 1
0.04 21 1354035176 64 1 1 4 16 25 0 1
0.15 15 1353828319 6 2 8 15 7 25 0 1
0.16 14 1353828493 2 2 11 15 7 15 0 1
0.18 15 1353939203 6 2 12 18 14 25 0 1
0.27 13 1353939291 7 2 9 26 14 25 0 1
0.04 16 1353756807 11 1 3 4 11 15 0 1
0.01 24 1353756919 0 1 1 1 11 15 0 1
0.02 42 1353918281 52 1 2 2 8 25 0 1
0.03 18 1354327884 11 1 2 3 2 25 0 1
0.33 10 1353825498 2 2 6 29 6 15 0 1
0.21 16 1354557837 2 2 10 21 18 15 0 1
0.18 15 1354558011 1 4 10 18 18 25 0 1
0.24 15 1354558157 3 2 8 23 18 50 0 1
0.1 19 1354058804 13 1 6 10 23 50 0 1
0.11 20 1354058832 6 2 5 10 23 50 0 1
0.06 13 1354213155 13 1 6 6 18 15 0 1
0.09 15 1354213169 3 2 7 9 18 15 0 1
0.01 175 1354127817 0 1 1 1 18 15 0 1
0.08 14 1354128079 5 2 5 7 18 15 0 1
0.09 13 1354128081 2 2 7 8 18 15 0 1
0.21 14 1353919168 2 2 8 20 8 25 0 1
0.08 19 1354274382 5 3 8 8 11 50 0 1
0.16 14 1354199829 5 3 12 15 14 25 0 1
0.05 20 1353863338 15 1 4 5 17 25 0 1
0.16 16 1353863339 6 2 9 15 17 15 0 1
0.1 14 1353863340 4 3 8 9 17 15 0 1
0.37 14 1354160746 3 3 22 36 3 25 0 1
0.13 19 1354160794 1 6 9 12 3 50 0 1
0.26 15 1354560668 5 2 8 26 18 25 0 1
0.31 14 1354560725 1 3 9 29 18 100 0 1
0.3 13 1354554618 2 2 8 29 17 15 0 1
0.06 15 1354554637 3 2 5 6 17 15 0 1
0.31 14 1354554661 15 1 11 31 17 25 0 1
0.1 14 1354554832 9 2 7 9 17 15 0 1
0.01 150 1354025551 0 1 1 1 14 25 0 1
0.05 20 1354248763 5 2 3 4 4 25 0 1
0.19 15 1354248871 6 2 6 18 4 15 0 1
0.2 13 1354285347 3 3 10 20 14 15 0 1
0.26 14 1354285347 3 4 14 26 14 15 0 1
0.04 13 1354594562 11 1 3 4 4 15 0 1
0.52 20 1354594822 8 2 11 38 4 250 0 1
0.04 14 1354578224 19 1 4 4 23 15 0 1
0.21 14 1354490416 7 2 9 20 23 25 0 1
0.12 14 1353963119 13 1 6 11 20 25 0 1
0.18 16 1354263035 2 2 14 18 8 25 0 1
0.03 71 1354263154 14 1 2 3 8 15 0 1
0.19 15 1354263431 14 1 12 19 8 25 0 1
0.17 15 1353885470 1 2 7 16 23 25 0 1
0.11 15 1353957075 6 2 9 10 19 25 0 1
0.38 15 1354196661 1 2 11 36 13 25 0 1
0.1 15 1353863972 1 4 9 10 17 15 0 1
0.15 14 1353864087 10 1 8 15 17 15 0 1
0.12 15 1354244095 13 1 8 11 2 25 0 1
0.06 42 1353741643 23 1 4 5 7 15 0 1
0.63 9 1353742128 4 3 18 61 7 25 0 1
0.16 15 1354159701 4 2 7 16 3 50 0 1
0.13 15 1353882914 13 1 8 12 22 25 0 1
0.12 19 1354531076 2 2 6 11 10 50 0 1
0.15 14 1354129188 2 5 12 14 18 15 0 1
0.11 15 1353778545 1 3 10 11 17 15 0 1
0.17 15 1354157463 11 1 7 16 2 15 0 1
0.03 20 1354496682 41 1 2 3 1 15 0 1
0.21 14 1354496808 12 1 10 21 1 15 0 1
0.17 14 1354070276 1 2 10 17 2 25 0 1
0.05 20 1353763037 8 2 4 5 13 25 0 1
0.6 9 1354033331 2 2 14 52 16 15 0 1
0.04 19 1354568027 23 1 2 4 20 25 0 1
0.04 14 1354171228 98 1 1 4 6 15 0 1
0.09 14 1354171240 15 1 5 8 6 15 0 1
0.16 14 1354171300 10 1 10 15 6 25 0 1
0.03 20 1354227828 35 1 3 3 22 25 0 1
0.11 15 1354227834 1 3 8 11 22 25 0 1
0.06 15 1354150195 4 3 6 6 0 15 0 1
0.08 15 1354150199 5 2 5 8 0 25 1 1
0.03 21 1353847062 98 1 1 3 12 15 0 1
0.03 18 1354552294 18 1 2 3 16 25 0 1
0.1 14 1354552499 6 3 9 10 16 15 0 1
0.03 17 1354552598 108 1 1 3 16 15 0 1
0.04 14 1353742723 29 1 2 4 7 15 0 1
0.36 14 1353743003 4 3 13 35 7 100 0 1
0.04 14 1353770219 19 1 3 4 15 15 0 1
0.11 15 1353770383 2 3 9 10 15 15 0 1
0.04 16 1353770386 3 2 3 4 15 15 0 1
0.25 13 1353770550 6 2 9 24 15 15 0 1
0.01 104 1354029177 0 1 1 1 15 25 0 1
0.03 19 1354120431 5 2 3 3 16 25 0 1
0.05 19 1354120439 20 1 3 4 16 25 0 1
0.16 15 1354120735 1 2 12 15 16 15 0 1
0.19 15 1354325841 4 3 8 18 1 15 0 1
0.16 14 1354325942 12 1 7 16 1 25 0 1
0.19 14 1354519613 2 2 10 18 7 15 0 1
0.05 19 1354133280 8 2 3 5 20 25 0 1
0.12 13 1354497833 2 2 9 12 1 15 0 1
0.18 13 1353849999 8 2 8 17 13 15 0 1
0.16 14 1354501536 6 3 10 16 2 25 0 1
0.06 18 1354584820 10 1 5 6 1 25 0 1
0.05 14 1354224092 13 1 5 5 21 15 0 1
0.02 42 1353826869 100 1 1 2 7 15 0 1
0.21 13 1353827127 1 4 11 20 7 15 0 1
0.1 13 1353799480 1 3 8 10 23 25 0 1
0.23 14 1353799488 2 3 14 22 23 25 0 1
0.09 15 1354498764 9 2 9 9 1 25 0 1
0.24 15 1353876036 1 4 11 23 20 25 0 1
0.33 9 1354286167 4 3 9 32 14 15 0 1
0.22 14 1354286181 1 4 12 21 14 25 0 1
0.03 23 1353998012 46 1 2 3 6 25 0 1
0.21 14 1353998066 7 2 8 20 6 15 0 1
0.1 14 1354045495 1 3 7 9 19 15 0 1
0.03 18 1354045495 13 1 3 3 19 15 0 1
0.09 14 1354045545 2 3 7 9 19 15 0 1
0.01 40 1354036335 0 1 1 1 17 15 0 1
0.17 14 1354209325 9 2 8 17 17 25 0 1
0.22 14 1354173214 11 1 8 20 7 25 0 1
0.34 16 1354173259 3 3 15 33 7 50 0 1
0.04 13 1354528691 18 1 3 4 9 15 0 1
0.13 15 1353768555 1 2 10 12 14 15 0 1
0.09 20 1354589267 13 1 7 9 2 50 0 1
0.08 14 1354589355 11 1 5 7 2 15 0 1
0.51 9 1354589491 7 2 10 48 2 25 0 1
0.08 13 1354040506 13 1 4 8 18 25 0 1
0.03 19 1354040605 67 1 1 3 18 25 0 1
0.05 20 1354290684 11 1 5 5 15 25 0 1
0.06 14 1354290720 2 2 4 5 15 15 0 1
0.26 13 1353794635 8 2 9 25 22 50 0 1
0.08 14 1353763278 15 1 7 8 13 15 0 1
0.16 15 1353763344 1 2 6 15 13 50 0 1
0.12 13 1353869308 3 2 7 11 18 15 0 1
0.21 15 1353869373 7 2 8 20 18 50 0 1
0.01 59 1354527303 0 1 1 1 9 15 0 1
0.08 14 1354574042 9 2 6 7 22 15 0 1
0.18 14 1354574097 14 1 7 17 22 25 0 1
0.2 15 1354574200 15 1 9 19 22 25 0 1
0.23 13 1354037612 1 2 16 22 17 15 0 1
0.12 14 1354256771 13 1 8 12 6 15 0 1
0.44 14 1354257004 3 5 16 43 6 50 0 1
0.18 13 1353779132 1 2 8 17 17 15 0 1
0.12 13 1353779183 1 2 8 11 17 15 0 1
0.16 14 1354562752 6 3 9 15 19 25 1 1
0.02 20 1354562837 100 1 1 2 19 15 0 1
0.26 14 1354562904 2 5 12 25 19 25 0 1
0.01 35 1353795386 0 1 1 1 22 15 0 1
0.1 14 1353795478 6 2 8 9 22 15 0 1
0.11 15 1353795641 9 2 5 10 22 25 0 1
0.05 14 1354512844 22 1 3 4 5 15 0 1
0.22 13 1354512872 4 3 11 22 5 15 0 1
0.25 15 1354512931 6 2 8 23 5 15 0 1
0.04 18 1354208978 19 1 3 4 17 25 0 1
0.04 21 1354512063 5 2 2 3 5 15 0 1
0.08 13 1354512230 1 2 6 7 5 15 0 1
0.02 110 1354187498 64 1 1 2 11 15 0 1
0.06 14 1354066656 10 1 4 6 1 15 0 1
0.12 16 1354536465 2 5 8 12 12 15 0 1
0.04 21 1354536726 11 1 3 4 12 25 0 1
0.08 20 1353955659 11 1 5 8 18 50 0 1
0.12 15 1353955802 4 2 7 12 18 15 0 1
0.1 15 1354297870 4 3 6 9 17 15 0 1
0.16 15 1354297873 1 2 7 16 17 15 0 1
0.06 14 1354497862 18 1 6 6 1 15 0 1
0.05 19 1354497926 12 1 4 5 1 25 0 1
0.1 16 1354498124 2 2 5 9 1 25 0 1
0.09 14 1354025536 2 3 7 8 14 15 0 1
0.2 14 1354313489 12 1 10 19 22 15 0 1
0.39 14 1354313721 9 2 11 39 22 25 0 1
0.09 14 1354137304 1 3 8 9 21 25 0 1
0.04 17 1354137480 3 2 4 4 21 15 0 1
0.31 15 1354137607 4 2 11 30 21 25 0 1
0.05 15 1354118267 5 2 4 5 15 15 0 1
0.08 14 1353861668 3 3 6 7 16 15 0 1
0.16 14 1353861786 12 1 9 15 16 15 0 1
0.23 14 1353861819 5 4 12 23 16 15 0 1
0.17 14 1353861968 6 2 7 15 16 50 0 1
0.08 15 1353773285 7 3 7 8 16 15 0 1
0.25 14 1353773536 2 2 8 24 16 50 0 1
0.12 15 1353857171 3 3 9 11 15 15 0 1
0.17 15 1353857180 6 2 7 16 15 25 0 1
0.02 19 1353857277 46 1 2 2 15 15 0 1
0.19 16 1353857290 5 3 7 18 15 50 0 1
0.04 42 1353838278 5 3 4 4 10 15 0 1
0.09 13 1353838769 6 3 7 8 10 15 0 1
0.02 19 1354194999 108 1 1 2 13 15 0 1
0.1 13 1354005073 11 1 6 10 8 25 0 1
0.27 14 1354005153 3 2 12 26 8 25 0 1
0.41 14 1354070084 14 1 7 40 2 25 1 1
0.05 20 1354216909 20 1 4 4 19 25 0 1
0.24 14 1354217158 2 2 11 24 19 25 0 1
0.24 14 1354217285 4 2 9 21 19 50 0 1
0.09 14 1354577796 7 2 7 9 23 25 0 1
0.11 14 1354308567 12 1 7 10 20 25 0 1
0.05 20 1354130534 4 4 4 5 19 15 0 1
0.08 14 1354130577 16 1 5 8 19 25 0 1
0.34 15 1354194542 4 3 10 32 13 25 0 1
0.25 14 1353833089 3 2 9 24 8 50 0 1
0.05 16 1353833282 3 2 5 5 8 15 0 1
0.12 15 1353943831 1 2 6 11 15 15 0 1
0.3 14 1353943982 2 4 16 29 15 50 0 1
0.03 24 1354046649 19 1 2 2 20 25 1 1
0.03 19 1354046747 2 2 3 3 20 50 0 1
0.01 20 1354046752 0 1 1 1 20 15 0 1
0.12 14 1354042342 1 2 9 12 18 15 0 1
0.26 14 1354042535 3 4 10 25 18 50 0 1
0.03 26 1354061539 9 2 3 3 0 15 0 1
0.05 15 1353956238 8 2 4 5 18 15 0 1
0.33 15 1354508443 9 2 12 30 4 25 0 1
0.04 19 1354157649 1 2 4 4 2 25 0 1
0.02 18 1353871235 28 1 2 2 19 25 0 1
0.15 15 1354230203 7 2 11 14 23 15 0 1
0.2 16 1353889666 1 2 8 19 0 15 0 1
0.03 86 1354299062 37 1 3 3 18 15 0 1
0.04 14 1354151932 80 1 1 3 1 15 0 1
0.04 14 1354151939 16 1 4 4 1 15 0 1
0.12 15 1354152042 1 2 8 11 1 15 0 1
0.09 14 1354152145 12 1 4 8 1 25 0 1
0.09 13 1354053042 7 2 6 8 21 15 0 1
0.15 14 1353801834 7 2 7 14 0 15 0 1
0.03 20 1354136633 5 2 3 3 21 15 0 1
0.12 14 1354136725 12 1 6 12 21 25 0 1
0.17 16 1354136804 2 3 13 17 21 15 0 1
0.1 14 1354168896 3 3 8 10 6 15 0 1
0.13 14 1354168990 3 2 9 12 6 15 0 1
0.4 13 1354169237 2 4 12 38 6 25 0 1
0.04 28 1354589854 43 1 2 4 2 15 0 1
0.01 105 1354142520 0 1 1 1 22 15 0 1
0.09 13 1354142811 4 3 7 9 22 15 0 1
0.25 14 1354142958 1 2 9 24 22 25 0 1
0.05 14 1353751604 2 3 4 5 10 15 0 1
0.04 18 1354113441 2 2 2 3 14 15 0 1
0.01 124 1353950267 0 1 1 1 17 25 0 1
0.01 60 1353950341 0 1 1 1 17 15 0 1
0.32 10 1353950479 9 2 7 31 17 15 0 1
0.39 13 1353950522 2 2 17 38 17 25 0 1
0.05 14 1354189971 7 3 4 5 11 15 0 1
0.17 14 1354205119 4 2 13 17 16 15 0 1
0.06 15 1354205227 9 2 4 6 16 15 0 1
0.31 14 1354205332 2 4 13 30 16 25 0 1
0.01 19 1354057161 0 1 1 1 22 25 0 1
0.16 13 1354057258 2 2 11 16 23 15 0 1
0.02 31 1354322185 9 2 2 2 0 15 0 1
0.25 15 1354539740 1 3 9 24 13 25 0 1
0.12 14 1353796355 7 2 10 11 22 15 1 1
0.26 14 1354243248 2 2 11 25 2 50 0 1
0.03 20 1354176484 100 1 1 2 8 15 0 1
0.1 14 1354327478 8 2 10 10 2 15 0 1
0.21 14 1354327517 2 4 20 20 2 50 0 1
0.06 14 1354004552 6 4 4 6 8 15 0 1
0.25 15 1354004642 3 5 15 23 8 15 0 1
0.1 15 1354312382 3 2 8 10 21 15 0 1
0.27 16 1354312472 5 2 8 25 21 25 0 1
0.21 16 1354312574 4 2 12 21 21 25 0 1
0.12 14 1353771458 7 2 8 12 15 25 0 1
0.04 14 1353771626 19 1 3 4 15 15 0 1
0.08 14 1353771688 8 2 7 8 15 25 0 1
0.12 15 1354127573 2 3 10 11 18 15 0 1
0.06 15 1354127686 4 2 5 6 18 15 0 1
0.37 14 1354127820 11 1 9 35 18 50 0 1
0.18 14 1353875285 3 2 9 17 20 15 0 1
0.11 13 1354546716 5 2 6 10 14 15 0 1
0.05 20 1354306855 1 2 3 4 20 25 0 1
0.05 14 1354306915 2 3 4 5 20 15 0 1
0.04 13 1354307161 8 2 3 4 20 15 0 1
0.52 15 1354307253 2 2 9 46 20 50 0 1
0.09 13 1354021202 3 2 7 9 13 15 0 1
0.04 17 1354496995 3 2 4 4 1 15 0 1
0.24 14 1354497075 1 3 9 23 1 25 0 1
0.11 14 1354497103 9 2 6 10 1 25 0 1
0.22 14 1353998427 12 1 7 21 6 15 1 1
0.15 14 1354229739 11 1 5 14 22 50 0 1
0.19 14 1354229834 1 2 9 18 22 15 0 1
0.1 14 1353837777 1 2 6 9 10 15 0 1
0.21 14 1353766173 4 2 6 21 14 15 0 1
0.04 20 1353947565 17 1 4 4 16 50 0 1
0.1 13 1353947573 6 2 6 10 16 15 0 1
0.05 20 1354032523 13 1 4 5 16 25 0 1
0.12 13 1354032534 12 1 8 11 16 15 0 1
0.09 19 1354596713 2 2 8 9 4 50 0 1
0.15 15 1354240780 10 1 8 14 1 25 1 1
0.06 20 1354016444 15 1 4 6 11 50 0 1
0.04 18 1354016674 21 1 2 3 11 15 0 1
0.06 55 1354578594 19 1 3 5 23 25 0 1
0.24 14 1354579020 2 3 11 23 23 25 0 1
0.03 21 1354574257 7 2 3 3 22 15 0 1
0.1 18 1354574379 2 2 7 9 22 50 0 1
0.47 14 1354574732 13 1 8 32 22 100 0 1
0.18 14 1353746514 2 2 8 18 8 15 0 1
0.16 14 1353746927 5 2 10 16 8 15 0 1
0.04 17 1354061726 2 2 3 4 0 15 0 1
0.12 14 1354138837 4 2 10 12 21 25 0 1
0.06 15 1354573468 9 2 5 5 22 15 0 1
0.05 20 1354573676 12 1 3 5 22 50 0 1
0.13 15 1354516584 17 1 9 13 6 15 0 1
0.18 15 1353935385 1 2 9 17 13 15 0 1
0.01 33 1354501777 0 1 1 1 2 25 0 1
0.23 15 1354516439 14 1 8 22 6 50 0 1
0.06 15 1354032134 5 2 3 5 16 15 0 1
0.04 13 1354032168 29 1 2 4 16 15 0 1
0.05 19 1354202842 7 2 4 5 15 25 0 1
0.08 14 1354203031 1 2 6 7 15 15 0 1
0.3 15 1354203221 6 3 8 28 15 50 0 1
0.2 14 1354599520 17 1 9 20 5 15 0 1
0.18 21 1354239321 17 1 5 17 1 100 0 1
0.02 33 1354326809 70 1 1 2 1 25 0 1
0.06 13 1354326890 11 1 6 6 1 15 0 1
0.16 14 1354329111 5 2 10 15 2 50 0 1
0.17 15 1354329159 10 1 7 16 2 25 0 1
0.22 14 1354329204 9 2 7 22 2 50 0 1
0.12 15 1353855016 3 4 9 11 14 15 0 1
0.04 15 1353855076 18 1 2 4 14 15 0 1
0.23 14 1353855213 14 1 8 23 14 15 0 1
0.16 14 1353789168 6 3 11 15 20 25 1 1
0.12 14 1354256395 3 3 8 11 6 15 0 1
0.11 13 1354207206 2 2 7 11 16 15 0 1
0.05 20 1354207343 9 2 3 5 16 25 0 1
0.37 8 1354207509 9 2 9 34 16 15 0 1
0.09 15 1354033378 13 1 6 8 16 15 0 1
0.25 14 1354033385 1 2 13 24 16 15 0 1
0.27 15 1354033388 1 5 8 25 16 15 0 1
0.03 20 1353926951 1 2 2 3 10 25 0 1
0.12 14 1354499170 9 2 10 12 1 15 0 1
0.11 15 1354107606 1 2 7 10 13 25 0 1
0.08 19 1354594149 1 4 7 8 4 50 0 1
0.02 47 1354594149 70 1 1 2 4 50 0 1
0.03 21 1354594155 7 2 3 3 4 15 0 1
0.36 15 1354594367 4 3 13 35 4 50 0 1
0.16 15 1354529300 13 1 8 15 10 15 0 1
0.11 15 1354529368 10 1 6 11 10 25 0 1
0.08 14 1354238557 3 3 4 8 1 15 0 1
0.04 18 1354238623 1 2 2 4 1 15 0 1
0.11 19 1354570832 1 3 7 10 21 50 0 1
0.05 13 1354570871 3 2 5 5 21 15 0 1
0.22 15 1354571067 4 2 6 22 21 15 0 1
0.11 20 1354252243 11 1 7 10 5 50 0 1
0.13 15 1354139147 15 1 6 13 21 15 0 1
0.05 15 1354139182 14 1 4 5 21 15 0 1
0.19 15 1354139238 2 2 10 18 21 25 0 1
0.16 15 1353938719 1 2 10 16 14 15 0 1
0.06 13 1354546961 30 1 3 6 15 15 0 1
0.11 14 1354547032 10 1 7 11 15 25 0 1
